index,Hour,"['sat', 'sun', 'mon', 'tue', 'wed', 'thu', 'fri']_1","['sat', 'sun', 'mon', 'tue', 'wed', 'thu', 'fri']_2","['sat', 'sun', 'mon', 'tue', 'wed', 'thu', 'fri']_3","['sat', 'sun', 'mon', 'tue', 'wed', 'thu', 'fri']_4","['sat', 'sun', 'mon', 'tue', 'wed', 'thu', 'fri']_5","['sat', 'sun', 'mon', 'tue', 'wed', 'thu', 'fri']_6","['sat', 'sun', 'mon', 'tue', 'wed', 'thu', 'fri']_7",Holiday,is_kul_holiday,LC_TEMP_QCL3,LC_RAININ,LC_DAILYRAIN,LC_WINDSPEED,heavy,car,bike,pedestrian
3697,1,False,False,False,False,False,True,False,0,False,17.84260395937723,0.0,0.0,0.0955092592592592,0.0,0.0,0.0,0.0
3927,15,True,False,False,False,False,False,False,0,False,20.22302865783589,0.0,0.0,0.6770216049382716,16.0910199106,125.8025193011,215.0345388054,42.4217797643
3644,20,False,False,True,False,False,False,False,0,False,15.986639713623646,0.0,2.7777777777777782e-05,0.4005092592592592,0.0,0.0,0.0,0.0
3698,2,False,False,False,False,False,True,False,0,False,17.57149651508951,0.0,0.0,0.1616975308641975,0.0,0.0,0.0,0.0
3767,23,True,False,False,False,False,False,False,1,False,13.130340578957512,0.0,0.0001388888888888,0.0101543209876543,0.0,0.0,0.0,0.0
3926,14,True,False,False,False,False,False,False,0,False,19.88243262042049,0.0,0.0,0.6377777777777778,14.9222797927,160.414507772,290.9844559585,35.4404145078
3919,7,True,False,False,False,False,False,False,0,False,12.984169122398765,0.0,0.0,0.0484104938271605,16.7681834468,175.4209960588,285.0591185955,19.3479039771
3796,4,False,False,True,False,False,False,False,0,False,12.490268837065004,0.0,4.629629629629629e-05,0.0110185185185185,35.4679802956,98.219022357,64.1151951497,1.3641530883
3746,2,True,False,False,False,False,False,False,1,False,14.9925254066486,7.71604938271605e-06,3.703703703703704e-05,0.3533179012345679,0.0,0.0,0.0,0.0
3716,20,False,False,False,False,False,True,False,0,False,24.48823032216172,0.0,0.0,0.200324074074074,0.0,0.0,0.0,0.0
3630,6,False,False,True,False,False,False,False,0,False,7.666664278028815,1.0802469135802469e-05,0.0,0.0502314814814814,49.1512915129,263.0258302583,475.5719557196,19.926199262
3808,16,False,False,True,False,False,False,False,0,False,15.789876342610471,0.0002391975308641,0.0225987654320987,0.2105709876543209,16.0415893056,224.5822502785,375.640549573,24.0623839584
3849,9,False,False,False,False,True,False,False,0,False,17.14744044671604,3.08641975308642e-06,0.0,0.3275,30.1419730615,289.6250455042,326.3196214052,17.0367673826
3871,7,False,False,False,False,False,True,False,0,False,16.72383460743552,0.0,0.0,0.0671604938271605,7.7474892396,154.949784792,180.774748924,7.7474892396
3701,5,False,False,False,False,False,True,False,0,False,15.750381179565904,0.0,0.0,0.2340895061728395,23.7830319889,42.5591098748,27.5382475661,5.0069541029
3641,17,False,False,True,False,False,False,False,0,False,16.826105106753584,0.0,2.7777777777777782e-05,0.4353395061728395,15.640839971,97.755249819,372.773352643,37.7986965967
3739,19,False,False,False,False,False,False,True,1,False,18.1841516953866,6.17283950617284e-06,0.0359922839506172,0.1812654320987654,5.8679706601,123.2273838631,126.1613691932,5.8679706601
3745,1,True,False,False,False,False,False,False,1,False,15.398633780814444,1.234567901234568e-05,2.7777777777777782e-05,0.3612345679012346,0.0,0.0,0.0,0.0
3758,14,True,False,False,False,False,False,False,1,False,18.31634236096106,0.0,0.0001296296296296,0.8653240740740741,12.61829653,166.5615141956,258.6750788644,15.141955836
3717,21,False,False,False,False,False,True,False,0,False,23.067497677614213,0.0,0.0,0.1055709876543209,0.0,0.0,0.0,0.0
3855,15,False,False,False,False,True,False,False,0,False,22.763694879819685,0.0,0.0,0.5050617283950617,24.9180327869,275.4098360656,539.0163934426,20.9836065574
3850,10,False,False,False,False,True,False,False,0,False,18.82036746521288,0.0,0.0,0.6411265432098765,12.7886323268,228.5968028419,334.1030195382,14.3872113677
3901,13,False,False,False,False,False,False,True,1,False,21.71750646502118,0.0,0.0,0.4344907407407407,15.952732644,138.2570162482,163.0723781388,1.7725258493
3899,11,False,False,False,False,False,False,True,1,False,19.894835441276754,0.0,0.0,0.2441358024691358,2.7777777778,162.5,175.0,1.3888888889
3640,16,False,False,True,False,False,False,False,0,False,17.29521771794219,0.0,2.7777777777777782e-05,0.5745061728395061,17.2058823529,156.1764705882,460.5882352941,23.8235294118
3773,5,False,True,False,False,False,False,False,0,False,10.840169727815177,1.54320987654321e-06,0.0,0.1199074074074074,32.7960756833,162.71899089,185.423966363,2.5227750526
3628,4,False,False,True,False,False,False,False,0,False,7.976961239113562,0.0,0.0,0.0253549382716049,37.8947368421,87.1578947368,56.8421052632,2.5263157895
3815,23,False,False,True,False,False,False,False,0,False,15.048068466863564,9.25925925925926e-06,0.0229413580246913,0.3123611111111111,0.0,0.0,0.0,0.0
3876,12,False,False,False,False,False,True,False,0,False,21.23672296555397,0.0,0.0,0.3077314814814815,11.1844660194,274.0194174757,355.1067961165,5.5922330097
3904,16,False,False,False,False,False,False,True,1,False,22.566489746251985,0.0,0.0,0.4637345679012346,11.596277738,143.0207587688,351.753758053,18.0386542591
3631,7,False,False,True,False,False,False,False,0,False,9.232286934972617,0.0,0.0,0.1265895061728395,29.1176470588,210.4411764706,338.8235294118,9.2647058824
3658,10,False,False,False,True,False,False,False,0,False,15.024712310960384,0.0,0.0,0.1474382716049382,7.630351844,198.389147944,293.0055108097,9.1564222128
3789,21,False,True,False,False,False,False,False,0,False,17.58778650797069,0.0,0.0041203703703703,0.0754166666666666,0.0,0.0,0.0,0.0
3636,12,False,False,True,False,False,False,False,0,False,17.026411510730863,0.0,1.851851851851852e-05,0.5063117283950617,23.2091690544,232.0916905444,300.4297994269,16.7621776504
3832,16,False,False,False,True,False,False,False,0,False,20.54491636003737,0.0,5.5555555555555565e-05,0.3584259259259259,19.8456449835,168.02646086,448.5115766262,27.7839029768
3833,17,False,False,False,True,False,False,False,0,False,21.26752466361272,0.0,5.5555555555555565e-05,0.3157253086419753,18.0709931875,153.6034420939,434.9946217282,30.9788454643
3865,1,False,False,False,False,False,True,False,0,False,16.196841729449343,0.0,0.0,0.0176543209876543,0.0,0.0,0.0,0.0
3781,13,False,True,False,False,False,False,False,0,False,15.537516222495864,0.0022808641975308,0.0012469135802469,0.0410648148148148,20.6525636429,246.5399784869,339.4765148799,12.9078522768
3923,11,True,False,False,False,False,False,False,0,False,17.61226077757308,0.0,0.0,0.4799074074074074,26.8085106383,209.3617021277,259.1489361702,8.9361702128
3757,13,True,False,False,False,False,False,False,1,False,17.751519409701086,3.08641975308642e-06,0.0001296296296296,0.7623302469135803,11.4975159688,143.0801987225,327.0404542229,21.7175301632
3830,14,False,False,False,True,False,False,False,0,False,19.26925057782815,0.0,4.629629629629629e-05,0.5799537037037037,47.5390156062,162.7851140456,314.0456182473,18.7274909964
3753,9,True,False,False,False,False,False,False,1,False,15.322523828191814,0.0,0.0001111111111111,0.5968055555555556,22.0605132133,130.9842972041,113.0601302183,11.0302566067
3687,15,False,False,False,False,True,False,False,0,False,23.4526111210574,0.0,0.0,0.1935802469135802,16.6904422254,193.8659058488,499.4293865906,17.9743223966
3690,18,False,False,False,False,True,False,False,0,False,23.435672351276587,0.0,0.0,0.2699691358024691,12.8479657388,161.8843683084,298.0728051392,7.7087794433
3837,21,False,False,False,True,False,False,False,0,False,17.83838500854955,0.0,6.481481481481482e-05,0.0560339506172839,0.0,0.0,0.0,0.0
3675,3,False,False,False,False,True,False,False,0,False,11.920243002636235,0.0,0.0,0.0217746913580246,16.2162162162,24.3243243243,56.7567567568,0.0
3646,22,False,False,True,False,False,False,False,0,False,12.778181551888332,0.0,2.7777777777777782e-05,0.0237808641975308,0.0,0.0,0.0,0.0
3873,9,False,False,False,False,False,True,False,0,False,17.225211198866557,4.6296296296296296e-06,0.0,0.2038734567901234,12.7861089187,258.5635359116,254.3014996054,9.9447513812
3639,15,False,False,True,False,False,False,False,0,False,16.263497340468923,2.006172839506173e-05,2.469135802469136e-05,0.4412037037037036,15.8273381295,164.0287769784,407.1942446043,18.7050359712
3722,2,False,False,False,False,False,False,True,1,False,17.545075377819582,4.1666666666666665e-05,0.0046327160493827,0.0240895061728395,0.0,0.0,0.0,0.0
3834,18,False,False,False,True,False,False,False,0,False,21.03939300653332,0.0,5.5555555555555565e-05,0.3183796296296296,11.6504854369,144.9838187702,305.501618123,16.8284789644
3657,9,False,False,False,True,False,False,False,0,False,13.635005549352506,0.0,0.0,0.1439814814814815,17.02798581,198.6598344501,228.4588096177,8.513992905
3780,12,False,True,False,False,False,False,False,0,False,16.027844223155633,0.0002716049382716,2.9320987654320985e-05,0.1646141975308642,34.8012889366,172.7175080559,259.0762620838,11.6004296455
3688,16,False,False,False,False,True,False,False,0,False,23.29373196923132,0.0,0.0,0.1781481481481481,19.2444761226,183.4640057021,505.4882394868,15.3955808981
3884,20,False,False,False,False,False,True,False,0,False,22.08302568244355,0.0,0.0,0.3366203703703703,0.0,0.0,0.0,0.0
3794,2,False,False,True,False,False,False,False,0,False,12.87199142562118,4.6296296296296296e-06,4.629629629629629e-05,0.0118518518518518,0.0,0.0,0.0,0.0
3940,4,False,True,False,False,False,False,False,0,False,8.90386503297922,0.0,0.0,0.0104012345679012,43.8871473354,81.5047021944,50.1567398119,1.2539184953
3854,14,False,False,False,False,True,False,False,0,False,22.735680537436643,0.0,0.0,0.5388271604938272,25.8064516129,289.0322580645,482.5806451613,28.3870967742
3714,18,False,False,False,False,False,True,False,0,False,26.122537360270723,0.0,0.0,0.4031635802469135,9.0843547224,140.1586157174,256.9574621485,3.893294881
3782,14,False,True,False,False,False,False,False,0,False,16.160922812046234,0.0007191358024691,0.003432098765432,0.0417746913580246,23.6151603499,238.7755102041,368.6588921283,17.055393586
3670,22,False,False,False,True,False,False,False,0,False,16.58298262607731,1.54320987654321e-06,0.0,0.0418364197530864,0.0,0.0,0.0,0.0
3829,13,False,False,False,True,False,False,False,0,False,18.32517073576397,0.0,4.629629629629629e-05,0.4999382716049382,44.094488189,269.2913385827,368.5039370079,18.8976377953
3705,9,False,False,False,False,False,True,False,0,False,15.222102548735824,0.0,0.0,0.3087037037037037,1.3333333333,160.0,257.3333333333,13.3333333333
3930,18,True,False,False,False,False,False,False,0,False,19.648940848641807,0.0,2.7777777777777782e-05,0.4871296296296297,9.1569767442,82.4127906977,218.4593023256,9.1569767442
3778,10,False,True,False,False,False,False,False,0,False,16.843574058862988,0.0,9.25925925925926e-06,0.213503086419753,30.6491663711,228.5916991841,348.6342674707,16.6016317843
3726,6,False,False,False,False,False,False,True,1,False,16.22301528432773,7.71604938271605e-06,0.0046527777777777,0.0195216049382716,9.9447513812,38.5359116022,63.3977900552,4.9723756906
3680,8,False,False,False,False,True,False,False,0,False,14.342541509234833,0.0,0.0,0.0580709876543209,33.1034482759,155.8620689655,331.0344827586,12.4137931034
3715,19,False,False,False,False,False,True,False,0,False,25.504796206603302,0.0,0.0,0.3027932098765432,12.6138752628,133.7070777856,214.4358794674,5.0455501051
3868,4,False,False,False,False,False,True,False,0,False,15.660878575621048,0.0,0.0,0.0284876543209876,9.2749355907,39.7497239603,38.4247331616,1.3249907987
3883,19,False,False,False,False,False,True,False,0,False,23.13782280991296,0.0,0.0,0.4169907407407407,8.3876980429,107.3625349487,266.7287977633,21.8080149115
3948,12,False,True,False,False,False,False,False,0,False,19.25685414270075,0.0,0.0,0.2838425925925926,43.3534043539,173.4136174155,248.4483557202,0.0
3798,6,False,False,True,False,False,False,False,0,False,13.3907649831267,0.0,9.25925925925926e-06,0.0548919753086419,68.9804772234,374.8373101952,373.5357917571,7.8091106291
3947,11,False,True,False,False,False,False,False,0,False,17.9798380895036,0.0,0.0,0.2566512345679012,45.3463960812,234.2897130861,264.5206438069,3.7788663401
3788,20,False,True,False,False,False,False,False,0,False,18.477320871801023,4.6296296296296296e-06,0.0041172839506172,0.2318518518518518,0.0,0.0,0.0,0.0
3792,0,False,False,True,False,False,False,False,0,False,13.614246278026142,3.08641975308642e-06,0.0008163580246913,0.0130401234567901,0.0,0.0,0.0,0.0
3710,14,False,False,False,False,False,True,False,0,False,22.800334436021203,0.0,0.0,0.4236882716049382,7.6824583867,107.5544174136,245.8386683739,29.1933418694
3696,0,False,False,False,False,False,True,False,0,False,18.18751633337058,0.0,1.54320987654321e-06,0.0539506172839506,0.0,0.0,0.0,0.0
3685,13,False,False,False,False,True,False,False,0,False,23.143982942644747,0.0,0.0,0.3011265432098765,31.6344463972,222.7065026362,465.6590509666,7.5922671353
3664,16,False,False,False,True,False,False,False,0,False,21.38280716124797,0.0,0.0,0.2657253086419753,23.5465116279,150.4360465116,504.9418604651,18.3139534884
3936,0,False,True,False,False,False,False,False,0,False,12.18680983074444,0.0,4.6296296296296296e-06,0.014074074074074,0.0,0.0,0.0,0.0
3924,12,True,False,False,False,False,False,False,0,False,18.990428167378592,0.0,0.0,0.5734259259259259,24.2038216561,185.9872611465,189.8089171975,5.0955414013
3674,2,False,False,False,False,True,False,False,0,False,12.693137829183009,0.0,0.0,0.0250771604938271,0.0,0.0,0.0,0.0
3825,9,False,False,False,True,False,False,False,0,False,15.251967074486522,3.08641975308642e-06,0.0002808641975308,0.4254166666666666,26.7956829178,259.9181243022,313.5094901377,6.6989207294
3744,0,True,False,False,False,False,False,False,1,False,15.53690048507483,2.623456790123457e-05,0.0079691358024691,0.3451851851851852,0.0,0.0,0.0,0.0
3695,23,False,False,False,False,True,False,False,0,False,18.58093486605976,0.0,9.25925925925926e-06,0.0506635802469135,0.0,0.0,0.0,0.0
3765,21,True,False,False,False,False,False,False,1,False,16.357994541526857,0.0,0.0001388888888888,0.0203703703703703,0.0,0.0,0.0,0.0
3805,13,False,False,True,False,False,False,False,0,False,14.780941197153068,0.0066342592592592,0.0159799382716049,0.3044907407407407,44.9678800857,164.4539614561,176.017130621,6.4239828694
3812,20,False,False,True,False,False,False,False,0,False,17.51210702139614,1.234567901234568e-05,0.0229166666666666,0.3972530864197531,0.0,0.0,0.0,0.0
3938,2,False,True,False,False,False,False,False,0,False,10.22974385135416,0.0,0.0,0.0096141975308641,0.0,0.0,0.0,0.0
3861,21,False,False,False,False,True,False,False,0,False,20.486944190149742,0.0,0.0,0.1138888888888888,0.0,0.0,0.0,0.0
3707,11,False,False,False,False,False,True,False,0,False,18.246303827822025,0.0,0.0,0.3161265432098765,12.5043417853,170.0590482807,258.8398749566,1.2504341785
3869,5,False,False,False,False,False,True,False,0,False,15.8295147317443,0.0,0.0,0.0143364197530864,17.6904176904,103.6153036153,92.2428922429,5.0544050544
3797,5,False,False,True,False,False,False,False,0,False,12.633820157411378,7.71604938271605e-06,5.5555555555555565e-05,0.0240895061728395,41.5239426774,159.8042642433,130.8633344984,5.033205173
3882,18,False,False,False,False,False,True,False,0,False,23.763890042634564,0.0,0.0,0.4724537037037036,7.7225598856,97.8190918842,234.2509831963,9.0096531999
3943,7,False,True,False,False,False,False,False,0,False,9.825121155916454,0.0,0.0,0.0155864197530864,44.5901639344,145.5737704918,394.7540983607,13.1147540984
3652,4,False,False,False,True,False,False,False,0,False,6.885095536160426,0.0,0.0,0.0103703703703703,33.8675958188,74.0069686411,71.4982578397,3.7630662021
3932,20,True,False,False,False,False,False,False,0,False,17.408085224119432,0.0,2.7777777777777782e-05,0.3066666666666666,0.0,0.0,0.0,0.0
3911,23,False,False,False,False,False,False,True,1,False,14.81921496195774,0.0,0.0,0.0184567901234567,0.0,0.0,0.0,0.0
3906,18,False,False,False,False,False,False,True,1,False,21.83354797912293,0.0,0.0,0.4577314814814815,7.8574026919,141.433248454,206.9116042197,17.0243724991
3891,3,False,False,False,False,False,False,True,1,False,12.198133860809492,0.0,0.0,0.0209722222222222,10.6194690265,14.1592920354,21.2389380531,0.0
3764,20,True,False,False,False,False,False,False,1,False,17.8237318689353,0.0,0.0001388888888888,0.1518055555555555,0.0,0.0,0.0,0.0
3813,21,False,False,True,False,False,False,False,0,False,16.625821307401637,9.25925925925926e-06,0.0229182098765432,0.3941820987654321,0.0,0.0,0.0,0.0
3743,23,False,False,False,False,False,False,True,1,False,15.547837524930491,5.864197530864197e-05,0.0410046296296296,0.2769444444444444,0.0,0.0,0.0,0.0
3779,11,False,True,False,False,False,False,False,0,False,17.11181272354605,0.0,9.25925925925926e-06,0.2256944444444444,33.3927934356,164.3952907599,247.8772743489,24.4024259722
3908,20,False,False,False,False,False,False,True,1,False,19.407159914930475,0.0,0.0,0.3238117283950617,0.0,0.0,0.0,0.0
3842,2,False,False,False,False,True,False,False,0,False,15.042586818369514,0.0,0.0,0.0336419753086419,0.0,0.0,0.0,0.0
3727,7,False,False,False,False,False,False,True,1,False,16.48436999413208,0.0,0.0046574074074074,0.0972067901234567,7.6433121019,70.0636942675,133.7579617834,7.6433121019
3678,6,False,False,False,False,True,False,False,0,False,10.235635004562011,0.0,0.0,0.012716049382716,45.0643776824,233.0472103004,506.008583691,19.313304721
3886,22,False,False,False,False,False,True,False,0,False,18.350078376828144,0.0,0.0,0.0573456790123456,0.0,0.0,0.0,0.0
3941,5,False,True,False,False,False,False,False,0,False,8.359832459113276,0.0,0.0,0.015108024691358,34.9757113116,161.1380985427,276.0582928522,3.7473976405
3703,7,False,False,False,False,False,True,False,0,False,14.705820523982558,0.0,0.0,0.1576234567901234,12.4309392265,96.9613259669,164.0883977901,8.7016574586
3836,20,False,False,False,True,False,False,False,0,False,19.49359971414677,0.0,6.481481481481482e-05,0.2766512345679012,0.0,0.0,0.0,0.0
3638,14,False,False,True,False,False,False,False,0,False,17.27828265368953,0.0,1.851851851851852e-05,0.5676851851851852,33.900760594,159.0727997102,367.692864904,23.4697573343
3686,14,False,False,False,False,True,False,False,0,False,23.17749593411212,0.0,0.0,0.2343672839506173,28.3667621777,202.435530086,528.6532951289,16.7621776504
3723,3,False,False,False,False,False,False,True,1,False,17.069406294548973,3.08641975308642e-06,0.0046388888888888,0.0302006172839506,0.0,24.6575342466,12.3287671233,0.0
3633,9,False,False,True,False,False,False,False,0,False,13.310382525717085,1.0802469135802469e-05,3.08641975308642e-06,0.2962654320987654,14.6558105107,242.4870466321,182.5314581791,9.3264248705
3761,17,True,False,False,False,False,False,False,1,False,18.62032116492153,3.08641975308642e-06,0.0001388888888888,0.6767438271604937,11.3445378151,151.2605042017,341.5966386555,20.1680672269
3846,6,False,False,False,False,True,False,False,0,False,15.388930692137126,0.0,0.0,0.0886419753086419,44.3349753695,281.2104152006,415.4820548909,6.3335679099
3887,23,False,False,False,False,False,True,False,0,False,16.240307689784206,0.0,0.0,0.0208024691358024,0.0,0.0,0.0,0.0
3835,19,False,False,False,True,False,False,False,0,False,20.323128974089684,1.54320987654321e-06,6.17283950617284e-05,0.2392592592592592,10.5439330544,138.5774058577,296.7364016736,16.5690376569
3909,21,False,False,False,False,False,False,True,1,False,18.40021923998249,0.0,0.0,0.1659567901234568,0.0,0.0,0.0,0.0
3844,4,False,False,False,False,True,False,False,0,False,15.091436554837973,0.0,0.0,0.0468364197530864,24.0929904896,81.1553363861,55.7942937654,1.268052131
3914,2,True,False,False,False,False,False,False,0,False,11.655216619340075,0.0,0.0,0.0302932098765432,0.0,0.0,0.0,0.0
3672,0,False,False,False,False,True,False,False,0,False,14.36838838672639,0.0,0.0,0.0295833333333333,0.0,0.0,0.0,0.0
3700,4,False,False,False,False,False,True,False,0,False,16.453481582851982,0.0,0.0,0.2284104938271604,6.2630480167,43.8413361169,27.5574112735,3.75782881
3791,23,False,True,False,False,False,False,False,0,False,14.334370509497864,1.54320987654321e-06,0.0041203703703703,0.0109259259259259,0.0,0.0,0.0,0.0
3656,8,False,False,False,True,False,False,False,0,False,10.716591383590533,0.0,0.0,0.0438734567901234,51.7508293402,183.1183192038,278.6583118319,15.9233321047
3684,12,False,False,False,False,True,False,False,0,False,22.69622164781916,0.0,0.0,0.3718364197530864,24.9710982659,177.5722543353,375.9537572254,13.8728323699
3860,20,False,False,False,False,True,False,False,0,False,21.28384166598416,0.0,0.0,0.1966820987654321,0.0,0.0,0.0,0.0
3777,9,False,True,False,False,False,False,False,0,False,15.430494377193863,3.08641975308642e-06,7.71604938271605e-06,0.1647530864197531,51.0276399717,236.0028348689,219.4188518781,7.6541459957
3851,11,False,False,False,False,True,False,False,0,False,19.010099242044724,0.0,0.0,0.496358024691358,12.8342245989,245.1336898396,245.1336898396,6.4171122995
3661,13,False,False,False,True,False,False,False,0,False,18.658387230027728,0.0,0.0,0.3044907407407407,33.5403726708,156.5217391304,301.8633540373,0.0
3822,6,False,False,False,True,False,False,False,0,False,12.304220544029594,4.6296296296296296e-06,0.0002777777777777,0.1197685185185185,38.4478462086,347.3122107512,435.742257031,24.3503025988
3724,4,False,False,False,False,False,False,True,1,False,16.598510147765605,7.71604938271605e-06,0.0046388888888888,0.049074074074074,4.0800906687,21.7604835663,21.7604835663,6.8001511145
3787,19,False,True,False,False,False,False,False,0,False,18.77957968904025,0.0,0.0041111111111111,0.3421913580246913,12.323491656,101.6688061617,269.5763799743,12.323491656
3824,8,False,False,False,True,False,False,False,0,False,14.363957639465305,1.54320987654321e-06,0.0002777777777777,0.3555864197530864,42.9850746269,200.1492537313,232.3880597015,16.1194029851
3679,7,False,False,False,False,True,False,False,0,False,11.685191525290447,0.0,0.0,0.0290895061728395,50.1070663812,170.8779443255,355.8886509636,11.5631691649
3933,21,True,False,False,False,False,False,False,0,False,16.010390171301925,0.0,2.7777777777777782e-05,0.1539197530864197,0.0,0.0,0.0,0.0
3626,2,False,False,True,False,False,False,False,0,False,9.042755117178656,0.0,0.0,0.0149845679012345,0.0,0.0,0.0,0.0
3913,1,True,False,False,False,False,False,False,0,False,12.42137481245956,0.0,0.0,0.0263117283950617,0.0,0.0,0.0,0.0
3775,7,False,True,False,False,False,False,False,0,False,12.845612047968938,0.0,0.0,0.0968518518518518,63.6492220651,236.775106082,295.3323903819,7.6379066478
3654,6,False,False,False,True,False,False,False,0,False,6.155286749082249,0.0,0.0,0.0047685185185185,53.4588917059,219.0510684535,550.2354219486,9.1271278522
3875,11,False,False,False,False,False,True,False,0,False,19.12241491651756,0.0,0.0,0.2461265432098765,12.356979405,264.9885583524,343.2494279176,0.0
3931,19,True,False,False,False,False,False,False,0,False,18.691154365953498,0.0,2.7777777777777782e-05,0.4476543209876543,12.9671319226,147.5011256191,332.2827555155,12.9671319226
3803,11,False,False,True,False,False,False,False,0,False,15.291440402532103,0.0051512345679012,0.0045277777777777,0.2353858024691358,51.0174418605,151.7441860465,170.0581395349,32.7034883721
3905,17,False,False,False,False,False,False,True,1,False,22.621226644312557,0.0,0.0,0.4634567901234567,5.1100070972,111.1426543648,265.7203690561,33.215046132
3867,3,False,False,False,False,False,True,False,0,False,15.437360732120617,0.0,0.0,0.01875,0.0,110.9589041096,12.3287671233,12.3287671233
3939,3,False,True,False,False,False,False,False,0,False,9.500580732821428,0.0,0.0,0.0094444444444444,10.4046242775,26.0115606936,20.8092485549,0.0
3811,19,False,False,True,False,False,False,False,0,False,18.005819444718266,2.006172839506173e-05,0.0228981481481481,0.4180864197530864,6.5424806906,145.5701953657,274.784189005,6.5424806906
3719,23,False,False,False,False,False,True,False,0,False,21.54965508610407,0.0,0.0,0.1904629629629629,0.0,0.0,0.0,0.0
3694,22,False,False,False,False,True,False,False,0,False,19.739622912531875,3.08641975308642e-06,9.25925925925926e-06,0.0194444444444444,0.0,0.0,0.0,0.0
3802,10,False,False,True,False,False,False,False,0,False,16.050082012668682,0.0011589506172839,0.0006157407407407,0.2736265432098765,52.6766595289,246.6809421842,335.3319057816,29.5503211991
3852,12,False,False,False,False,True,False,False,0,False,20.973549660492736,0.0,0.0,0.5191975308641975,26.7083170636,181.3354158532,305.0370948848,19.6798125732
3729,9,False,False,False,False,False,False,True,1,False,19.115473199969884,0.0,0.0046574074074074,0.0854012345679012,5.6293979672,115.4026583268,129.4761532447,7.036747459
3712,16,False,False,False,False,False,True,False,0,False,25.47276812179634,0.0,0.0,0.4476234567901234,15.5451601295,141.2018711767,388.6290032386,16.8405901403
3857,17,False,False,False,False,True,False,False,0,False,22.89791108308261,0.0,0.0,0.4405864197530864,17.9168147885,222.6804123711,436.402417348,7.6786349093
3699,3,False,False,False,False,False,True,False,0,False,17.024587529926126,0.0,0.0,0.1460030864197531,0.0,41.0646387833,13.6882129278,0.0
3762,18,True,False,False,False,False,False,False,1,False,18.53660981501981,0.0,0.0001388888888888,0.4795679012345679,12.729844413,138.7553041018,316.973125884,14.0028288543
3928,16,True,False,False,False,False,False,False,0,False,20.35927331101561,1.54320987654321e-05,4.6296296296296296e-06,0.6394135802469135,17.1303074671,163.3967789165,379.5021961933,17.1303074671
3839,23,False,False,False,True,False,False,False,0,False,15.238465415937243,0.0,6.481481481481482e-05,0.0474382716049382,0.0,0.0,0.0,0.0
3650,2,False,False,False,True,False,False,False,0,False,8.201862768529157,0.0,0.0,0.0050462962962962,0.0,0.0,0.0,0.0
3918,6,True,False,False,False,False,False,False,0,False,11.878360317848934,0.0,0.0,0.0370524691358024,49.9822000712,262.7269490922,492.1324314703,19.2239231043
3766,22,True,False,False,False,False,False,False,1,False,14.356560592165671,4.6296296296296296e-06,0.0001388888888888,0.0108796296296296,0.0,0.0,0.0,0.0
3768,0,False,True,False,False,False,False,False,0,False,12.311026381559316,0.0,2.9320987654320985e-05,0.0154166666666666,0.0,0.0,0.0,0.0
3776,8,False,True,False,False,False,False,False,0,False,14.273660502193716,0.0,0.0,0.1035493827160493,58.6609989373,195.1115834219,252.4973432519,7.651434644
3728,8,False,False,False,False,False,False,True,1,False,17.279452126806486,0.0,0.0046574074074074,0.1411419753086419,9.996528983,98.715723707,136.2027073933,9.996528983
3900,12,False,False,False,False,False,False,True,1,False,21.096931886842675,0.0,0.0,0.3205092592592592,0.0,111.6397621071,162.1070518267,6.1172472387
3751,7,True,False,False,False,False,False,False,1,False,13.290613249423302,7.87037037037037e-05,9.876543209876544e-05,0.3665586419753086,11.7689792953,66.6908826734,100.6901561932,5.2306574646
3711,15,False,False,False,False,False,True,False,0,False,24.35158426013291,0.0,0.0,0.44304012345679,8.1355932203,82.7118644068,176.2711864407,8.1355932203
3771,3,False,True,False,False,False,False,False,0,False,10.999769455514764,4.6296296296296296e-06,0.0,0.0643672839506172,12.676056338,38.0281690141,6.338028169,0.0
3676,4,False,False,False,False,True,False,False,0,False,11.130785053731117,0.0,0.0,0.0187037037037037,23.6269430052,73.3678756477,53.4715025907,1.2435233161
3667,19,False,False,False,True,False,False,False,0,False,21.120336933031123,0.0,0.0,0.2882716049382716,8.2004555809,118.9066059226,295.2164009112,2.0501138952
3828,12,False,False,False,True,False,False,False,0,False,18.047734926473574,1.234567901234568e-05,4.012345679012346e-05,0.4994753086419753,47.9087452471,176.5779467681,294.2965779468,1.3688212928
3859,19,False,False,False,False,True,False,False,0,False,22.155025964785185,0.0,0.0,0.3191049382716049,7.8431372549,190.1960784314,288.2352941176,5.8823529412
3916,4,True,False,False,False,False,False,False,0,False,11.380709105510109,0.0,0.0,0.0375308641975308,22.5705329154,72.7272727273,38.8714733542,1.2539184953
3870,6,False,False,False,False,False,True,False,0,False,16.043728580898623,0.0,0.0,0.0172839506172839,10.0348432056,91.5679442509,117.9094076655,7.5261324042
3647,23,False,False,True,False,False,False,False,0,False,11.232300167117678,0.0,2.7777777777777782e-05,0.0098611111111111,0.0,0.0,0.0,0.0
3669,21,False,False,False,True,False,False,False,0,False,18.58283945293116,3.08641975308642e-06,0.0,0.1041975308641975,0.0,0.0,0.0,0.0
3683,11,False,False,False,False,True,False,False,0,False,21.521671520621968,0.0,0.0,0.2861574074074074,32.2234156821,174.0064446831,396.992481203,10.3114930183
3681,9,False,False,False,False,True,False,False,0,False,17.02948771179577,0.0,0.0,0.1018827160493827,50.2571638501,202.3512123439,259.2211609111,7.9353416605
3634,10,False,False,True,False,False,False,False,0,False,14.859787292489871,0.0,1.851851851851852e-05,0.3214043209876543,16.9565217391,219.1304347826,292.1739130435,13.0434782609
3689,17,False,False,False,False,True,False,False,0,False,23.309700048144663,0.0,0.0,0.2495833333333333,11.3247116393,208.8780146802,454.2467668647,7.5498077595
3665,17,False,False,False,True,False,False,False,0,False,21.64348328328584,0.0,0.0,0.3158796296296296,16.9014084507,106.6088840737,501.8418201517,58.5048754063
3660,12,False,False,False,True,False,False,False,0,False,17.621293617104605,0.0,0.0,0.2492901234567901,54.5218520121,200.9519688447,277.2825616616,0.0
3800,8,False,False,True,False,False,False,False,0,False,15.490426293997464,4.6296296296296296e-06,1.851851851851852e-05,0.2224691358024691,67.6595744681,194.0425531915,182.5531914894,8.9361702128
3668,20,False,False,False,True,False,False,False,0,False,20.186323172432548,0.0,0.0,0.2293981481481481,0.0,0.0,0.0,0.0
3804,12,False,False,True,False,False,False,False,0,False,14.734644591650303,0.0049521604938271,0.0100308641975308,0.168395061728395,24.2295430393,159.4048884166,192.5611052072,17.8533475027
3840,0,False,False,False,False,True,False,False,0,False,15.164591416492158,0.0,1.0802469135802469e-05,0.0520987654320987,0.0,0.0,0.0,0.0
3872,8,False,False,False,False,False,True,False,0,False,17.257988673832884,0.0,0.0,0.2188734567901235,13.143483023,201.0952902519,261.5553121577,15.7721796276
3845,5,False,False,False,False,True,False,False,0,False,15.093604740821853,0.0,0.0,0.0520061728395061,54.6996466431,183.1802120141,221.3427561837,2.5441696113
3731,11,False,False,False,False,False,False,True,1,False,19.552592951090148,0.0106589506172839,0.0083333333333333,0.0562037037037037,10.3041144902,135.2415026834,130.0894454383,2.5760286225
3730,10,False,False,False,False,False,False,True,1,False,19.84094867271996,0.0,0.0046574074074074,0.024753086419753,11.5590438816,137.4241883696,113.0217623974,12.8433820906
3734,14,False,False,False,False,False,False,True,1,False,17.07575287138952,0.001625,0.0334783950617283,0.4064351851851852,16.5195905401,139.7811507236,151.2177903283,12.7073773385
3786,18,False,True,False,False,False,False,False,0,False,18.417332265285715,0.0005154320987654,0.0040555555555555,0.3004938271604938,8.029739777,101.7100371747,195.3903345725,24.0892193309
3921,9,True,False,False,False,False,False,False,0,False,16.460286841606266,0.0,0.0,0.2687037037037037,28.7060529177,220.5146792316,284.4508880029,6.5241029358
3693,21,False,False,False,False,True,False,False,0,False,21.153215803456234,4.6296296296296296e-06,1.54320987654321e-06,0.0457561728395061,0.0,0.0,0.0,0.0
3935,23,True,False,False,False,False,False,False,0,False,13.301695181405156,0.0,2.7777777777777782e-05,0.0259876543209876,0.0,0.0,0.0,0.0
3912,0,True,False,False,False,False,False,False,0,False,13.44789740698314,0.0,0.0,0.0110802469135802,0.0,0.0,0.0,0.0
3624,0,False,False,True,False,False,False,False,0,False,10.37857426811964,0.0,0.0,0.007145061728395,0.0,0.0,0.0,0.0
3879,15,False,False,False,False,False,True,False,0,False,23.10592105266678,0.0,0.0,0.5196296296296297,4.2925278219,91.573926868,147.3767885533,8.5850556439
3814,22,False,False,True,False,False,False,False,0,False,15.382602914326844,3.08641975308642e-06,0.022932098765432,0.256574074074074,0.0,0.0,0.0,0.0
3666,18,False,False,False,True,False,False,False,0,False,21.523777860870936,4.6296296296296296e-06,0.0,0.3137037037037037,10.2309058615,90.7992895204,223.8010657194,5.1154529307
3949,13,False,True,False,False,False,False,False,0,False,20.16813044804709,0.0,0.0,0.3170987654320987,46.8885672938,234.4428364689,312.5904486252,0.0
3885,21,False,False,False,False,False,True,False,0,False,20.46153153792976,0.0,0.0,0.1567592592592592,0.0,0.0,0.0,0.0
3756,12,True,False,False,False,False,False,False,1,False,17.855861984492005,0.0,0.0001296296296296,0.7792746913580247,8.2790341127,118.6661556152,222.1540820238,19.3177462629
3856,16,False,False,False,False,True,False,False,0,False,22.43615158505887,0.0,0.0,0.4030555555555555,19.5086705202,282.225433526,530.6358381503,20.8092485549
3637,13,False,False,True,False,False,False,False,0,False,16.91826846173847,0.0,1.851851851851852e-05,0.5490277777777778,29.8507462687,165.671641791,328.3582089552,32.8358208955
3748,4,True,False,False,False,False,False,False,1,False,14.143748894019522,4.6296296296296296e-06,4.938271604938272e-05,0.2964660493827161,1.2486992716,31.2174817898,21.2278876171,0.0
3922,10,True,False,False,False,False,False,False,0,False,17.04624440638126,0.0,0.0,0.3710648148148148,15.9362549801,210.3585657371,329.8804780876,7.96812749
3917,5,True,False,False,False,False,False,False,0,False,11.859332566807742,0.0,0.0,0.0312808641975308,41.7868448822,183.6088638762,255.7861413999,8.8638761871
3642,18,False,False,True,False,False,False,False,0,False,17.802477789582504,0.0,2.7777777777777782e-05,0.5708796296296297,14.0127388535,95.5414012739,240.7643312102,14.0127388535
3831,15,False,False,False,True,False,False,False,0,False,19.952036150561977,3.08641975308642e-06,5.092592592592593e-05,0.4241666666666667,14.7904683648,158.2580115037,352.013147083,26.6228430567
3848,8,False,False,False,False,True,False,False,0,False,16.444480890837468,0.0,0.0,0.1830864197530864,51.8847006652,256.7627494457,299.3348115299,22.6164079823
3713,17,False,False,False,False,False,True,False,0,False,25.994566600681413,0.0,0.0,0.4299845679012345,13.914265636,127.7582572031,360.5059732959,11.3843991567
3760,16,True,False,False,False,False,False,False,1,False,18.696923910176817,0.0,0.0001296296296296,0.86875,11.5097690941,204.6181172291,319.7158081705,16.6252220249
3732,12,False,False,False,False,False,False,True,1,False,17.85627900204469,0.0112962962962962,0.0233919753086419,0.1595987654320987,7.5577326802,114.6256123163,107.0678796361,5.0384884535
3838,22,False,False,False,True,False,False,False,0,False,16.530367151711538,0.0,6.481481481481482e-05,0.042037037037037,0.0,0.0,0.0,0.0
3809,17,False,False,True,False,False,False,False,0,False,16.137103999382155,0.0001527777777777,0.0228348765432098,0.1402314814814814,9.3160813309,130.4251386322,355.3419593346,11.977818854
3907,19,False,False,False,False,False,False,True,1,False,20.743339729361946,0.0,0.0,0.5243364197530864,3.3457249071,157.249070632,184.0148698885,5.0185873606
3897,9,False,False,False,False,False,False,True,1,False,16.784558639284715,0.0,0.0,0.1984413580246913,5.4237288136,145.0847457627,162.7118644068,10.8474576271
3920,8,True,False,False,False,False,False,False,0,False,15.44274777131538,0.0,0.0,0.2026234567901234,36.9230769231,213.6263736264,254.5054945055,2.6373626374
3945,9,False,True,False,False,False,False,False,0,False,15.426370207190988,0.0,0.0,0.1675154320987654,13.7983901878,274.5879647374,389.1146032963,16.5580682254
3816,0,False,False,False,True,False,False,False,0,False,14.677990875159598,3.08641975308642e-06,0.0047345679012345,0.1956327160493827,0.0,0.0,0.0,0.0
3725,5,False,False,False,False,False,False,True,1,False,16.290263326545254,0.0,0.0046388888888888,0.0218672839506172,4.9965301874,22.4843858432,22.4843858432,0.0
3785,17,False,True,False,False,False,False,False,0,False,18.954744290367504,0.0001589506172839,0.0035385802469135,0.2308024691358024,6.7924528302,112.7547169811,267.6226415094,32.6037735849
3898,10,False,False,False,False,False,False,True,1,False,18.461355673430667,0.0,0.0,0.2017283950617284,19.2239231043,153.7913848345,147.3834104664,3.8447846209
3863,23,False,False,False,False,True,False,False,0,False,18.974475152076344,0.0,0.0,0.0554475308641975,0.0,0.0,0.0,0.0
3946,10,False,True,False,False,False,False,False,0,False,16.82309871127064,0.0,0.0,0.2248611111111111,3.816254417,179.3639575972,251.8727915194,10.1766784452
3769,1,False,True,False,False,False,False,False,0,False,11.69001567658419,0.0,0.0,0.0393209876543209,0.0,0.0,0.0,0.0
3896,8,False,False,False,False,False,False,True,1,False,14.523371854500708,0.0,0.0,0.1430401234567901,5.5662930035,102.9764205644,176.7298028605,16.6988790104
3819,3,False,False,False,True,False,False,False,0,False,13.744049147245615,4.6296296296296296e-06,0.0002577160493827,0.2744135802469136,9.9037138927,19.8074277854,24.7592847318,0.0
3643,19,False,False,True,False,False,False,False,0,False,17.243036860824358,0.0,2.7777777777777782e-05,0.5343981481481482,14.4827586207,105.5172413793,347.5862068966,22.7586206897
3718,22,False,False,False,False,False,True,False,0,False,22.026029988958317,0.0,0.0,0.1187962962962963,0.0,0.0,0.0,0.0
3677,5,False,False,False,False,True,False,False,0,False,10.437774543743329,0.0,0.0,0.010895061728395,41.8015482055,107.6706544687,168.4729064039,1.266713582
3915,3,True,False,False,False,False,False,False,0,False,11.303514419951515,0.0,0.0,0.0318827160493827,4.5169385194,27.1016311167,18.0677540778,4.5169385194
3925,13,True,False,False,False,False,False,False,0,False,19.37995061199037,0.0,0.0,0.5414197530864198,17.2938350681,227.7021617294,164.2914331465,5.7646116894
3720,0,False,False,False,False,False,False,True,1,False,21.289568437642583,7.407407407407407e-05,3.395061728395062e-05,0.311466049382716,0.0,0.0,0.0,0.0
3691,19,False,False,False,False,True,False,False,0,False,22.871510696460703,0.0,0.0,0.1234876543209876,13.881748072,138.8174807198,310.0257069409,0.0
3749,5,True,False,False,False,False,False,False,1,False,13.284621721898862,7.71604938271605e-06,6.32716049382716e-05,0.2393672839506173,7.5630252101,13.8655462185,27.731092437,3.781512605
3866,2,False,False,False,False,False,True,False,0,False,15.592286623501687,0.0,0.0,0.0162962962962963,0.0,0.0,0.0,0.0
3858,18,False,False,False,False,True,False,False,0,False,22.561372157806392,0.0,0.0,0.3092283950617284,6.4493013257,228.3052669294,327.624507345,15.4783231817
3801,9,False,False,True,False,False,False,False,0,False,16.147845248574676,1.3888888888888891e-05,1.851851851851852e-05,0.2655401234567901,52.9032258065,238.7096774194,171.6129032258,3.8709677419
3821,5,False,False,False,True,False,False,False,0,False,12.534671955536728,3.08641975308642e-06,0.0002777777777777,0.1094598765432098,41.9936373277,165.4294803818,231.6012725345,7.6352067869
3747,3,True,False,False,False,False,False,False,1,False,14.681576003109702,7.71604938271605e-06,4.320987654320988e-05,0.2185185185185185,0.0,8.2098061574,4.1049030787,0.0
3807,15,False,False,True,False,False,False,False,0,False,15.517867442560954,0.0012206790123456,0.0221404320987654,0.3358333333333333,34.7763864043,158.4257602862,387.6923076923,18.0322003578
3704,8,False,False,False,False,False,True,False,0,False,14.775507410268355,0.0,0.0,0.2442746913580246,15.3736654804,146.0498220641,271.6014234875,21.7793594306
3629,5,False,False,True,False,False,False,False,0,False,7.681701106391797,0.0,0.0,0.0328395061728395,33.9979013641,156.1385099685,175.0262329486,2.518363064
3795,3,False,False,True,False,False,False,False,0,False,12.556464288796873,0.0,4.629629629629629e-05,0.0108179012345679,0.0,37.1134020619,12.3711340206,0.0
3929,17,True,False,False,False,False,False,False,0,False,20.16078953232569,1.54320987654321e-05,2.7777777777777782e-05,0.5754320987654321,12.0446096654,105.7249070632,374.7211895911,37.4721189591
3772,4,False,True,False,False,False,False,False,0,False,10.807318497370485,3.08641975308642e-06,0.0,0.0920061728395061,36.9426751592,123.5668789809,40.7643312102,1.2738853503
3651,3,False,False,False,True,False,False,False,0,False,7.4791005481677555,0.0,0.0,0.0077006172839506,15.652173913,39.1304347826,7.8260869565,0.0
3754,10,True,False,False,False,False,False,False,1,False,16.469895873534938,9.25925925925926e-06,0.000125,0.7582098765432098,11.4512922465,156.0238568588,144.5725646123,22.902584493
3721,1,False,False,False,False,False,False,True,1,False,18.825602981308723,0.0042283950617283,0.0039629629629629,0.1130555555555555,0.0,0.0,0.0,0.0
3895,7,False,False,False,False,False,False,True,1,False,12.201436420057746,0.0,0.0,0.1023611111111111,15.5844155844,74.025974026,166.2337662338,7.7922077922
3790,22,False,True,False,False,False,False,False,0,False,15.660780057553325,3.08641975308642e-06,0.0041203703703703,0.0128858024691358,0.0,0.0,0.0,0.0
3770,2,False,True,False,False,False,False,False,0,False,11.30008592178553,0.0,0.0,0.0508179012345679,0.0,0.0,0.0,0.0
3934,22,True,False,False,False,False,False,False,0,False,14.543566193021732,0.0,2.7777777777777782e-05,0.061466049382716,0.0,0.0,0.0,0.0
3662,14,False,False,False,True,False,False,False,0,False,19.62351052962253,0.0,0.0,0.3350462962962963,24.6364414029,143.1993156544,298.7168520103,6.1591103507
3774,6,False,True,False,False,False,False,False,0,False,11.614421664393854,0.0,0.0,0.1135956790123456,43.5897435897,285.8974358974,505.1282051282,10.2564102564
3740,20,False,False,False,False,False,False,True,1,False,18.269907473365944,0.0011496913580246,0.0364351851851851,0.18875,0.0,0.0,0.0,0.0
