Year,Month,Day,LC_HUMIDITY,LC_DWPTEMP,LC_n,LC_RAD,LC_RAININ,LC_DAILYRAIN,LC_WINDDIR,LC_WINDSPEED,Hour,Minute,LC_RAD60,LC_TEMP_QCL0,LC_TEMP_QCL1,LC_TEMP_QCL2,LC_TEMP_QCL3
2022,1,1,86.55720479094717,10.257702990667939,36.34660886178264,21.264530825189212,2.1309427584686605e-06,2.8584025277389962e-05,-6.567639062385187,0.3224770372547579,11.58041958041958,25.174825174825173,21.396633735821442,12.447359100595193,12.464280819366852,12.450807262569832,12.424739851096573
2022,1,2,83.51245968924069,9.379296394019349,36.05643506303137,14.140794488419818,0.0006575051304602756,0.0034681911462914102,-28.86631486367634,0.7214871005570214,11.5,25.0,14.099482545004008,12.112883318674875,12.115685418208734,12.102359326424871,12.086891228014682
2022,1,3,89.57903591544145,8.004424694609027,35.88208616780045,5.529368736742009,0.000750054860653939,0.0068310291858678955,-35.256016385048646,0.6634357398873528,11.5,25.0,5.517429590277272,9.646861239119303,9.648248695524362,9.6351664951863,9.683051474112323
2022,1,4,94.28845024948635,5.983423833284415,35.816040504842974,7.944379219254476,0.00046903434106251835,0.003570589961843264,-25.637290871734663,0.33330422659230996,11.5,25.0,7.96257113672844,6.830166568828881,6.828260034001035,6.816514561312736,6.837234523413327
2022,1,5,88.02610221539811,2.078484316736126,35.57329823791767,13.89369013672589,0.00013116911603421803,0.0002616801930247861,-44.3429114571909,0.6095686188491628,11.5,25.0,13.890102687349792,3.903085471960225,3.9005562069470905,3.8904746445844935,3.915759793837807
2022,1,6,89.34660593593888,2.0649544519541583,35.68953864237437,19.490376138701148,2.306788128122245e-05,0.00039061122538936236,-16.802894504848663,0.26184322656479575,11.5,25.0,19.47953216374269,3.6859432853364678,3.688812657104835,3.6790639878752036,3.688563646008483
2022,1,7,90.01112420804479,2.423015323412406,35.97215264476205,10.515839104169736,0.00017946073375570945,0.002308531015176072,-25.162295565050833,0.6025821423309268,11.5,25.0,10.533460103854312,3.9372196846913217,3.9369048850787083,3.927534882861577,3.9611424663375963
2022,1,8,94.40519615871362,2.860752624134594,36.08814114494156,8.767512841509715,0.0006916548797736917,0.002708776892726867,-8.092533313481724,0.6146043326137125,11.5,25.0,8.800457362053702,3.676532420159309,3.674826992210905,3.6650239289994007,3.6959077522764208
2022,1,9,88.73211602043884,2.6399849714457466,36.25909227532311,18.689510069131348,0.00011947700631199279,0.005353095882176135,-30.056507363991585,0.5103441538923955,11.5,25.0,18.6878814947149,4.371981514878269,4.365778230676328,4.357787892512078,4.360208176059449
2022,1,10,97.73428853005838,-0.23864907891744372,36.34334015616708,11.809415510575393,8.414828292017285e-06,5.549238116897885e-05,9.137214767644606,0.08915700098552043,11.5,25.0,11.795663997582716,0.0659093321203851,0.0659656847859095,0.058573337382326146,0.058063565373067665
2022,1,11,88.2658381327675,-0.15957487117308275,36.24439224007275,20.053425280387998,2.8796605031827826e-06,3.197938769324037e-05,1.4224007274931798,0.06261063958775387,11.5,25.0,20.01238016154601,1.678582903910276,1.6671466626075044,1.657470431539691,1.6516934853311904
2022,1,12,94.60380923588542,1.959535938326657,35.957297256443205,9.395208223112387,4.308064394225682e-06,2.3958884438062128e-05,-4.797520973471393,0.028107474869624366,11.5,25.0,9.39875272372079,2.741462474491724,2.7386851079954524,2.730739636225843,2.7435362886948216
2022,1,13,95.4580303030303,1.697080303030303,35.56378787878788,22.672575757575757,3.257575757575758e-06,5.386363636363636e-05,-8.555681818181819,0.05170909090909091,11.5,25.0,22.64632955143136,2.3613401515151513,2.3461408858732944,2.3375158191659677,2.3223942982540895
2022,1,14,94.48849837845991,2.1408975035824724,35.84742439097971,22.60276038916962,7.617467380647108e-06,1.2746059280488726e-05,1.0930688588883022,0.025117278829474322,11.5,25.0,22.63406585164629,2.9594351006863264,2.949191766308461,2.9399371499924323,2.905633297595901
2022,1,15,93.48412517996515,1.1923702356596195,35.88330681215428,22.54201712510419,3.0309918920966885e-07,2.879442297491854e-06,22.46487838145033,0.08091990603925135,11.5,25.0,22.607078584283144,2.1505266348412517,2.1423003194888177,2.1331173741061917,2.1334425456347272
2022,1,16,96.07941884974406,2.4532783800060223,35.96883468834688,6.772959951821741,4.351099066546221e-05,0.0005286058416139717,-27.11592893706715,0.3392841011743451,11.5,25.0,6.748953036195035,3.012194369165914,3.014906330261369,3.006049629853452,3.0321304314744806
2022,1,17,91.55651319271188,4.974534663944961,35.7811295078249,19.96136690103576,1.0281998941558933e-05,0.00013956301504498375,-29.375595373100477,0.22740379526725635,11.5,25.0,20.02167229096363,6.263811899901716,6.266506188776672,6.258047687751537,6.2633159451688725
2022,1,18,91.89346923367309,4.15882295205738,35.72638731596829,21.655190637976595,3.926009815024538e-06,7.217818044545111e-05,4.871196677991695,0.020033975084937716,11.5,25.0,21.65756712164392,5.417476028690071,5.415578947368421,5.4064573267701626,5.389534342627866
2022,1,19,94.4052619432264,2.612008616047388,35.64281867835987,6.175782752519424,8.669897684437265e-05,0.00035618124471113163,-20.539041464728054,0.21827140549273022,11.5,25.0,6.147834705702958,3.4280183091007,3.42588371375694,3.4185465376310917,3.4399549479750053
2022,1,20,88.03977934892394,2.091191826586901,35.48038225468107,20.075907077927123,0.00014093699013285681,0.0025450236966824643,-22.374718359101855,0.30315437805920287,11.5,25.0,20.173989724714364,3.9369178773988036,3.934323103287116,3.9260965493067457,3.9159865296310223
2022,1,21,89.14921157919511,2.0954750137287204,35.57943045422452,19.243508276457206,2.353494939985879e-06,1.129677571193222e-05,-27.691692162861848,0.22247901467011846,11.5,25.0,19.195733126454616,3.739311994979211,3.740077165354331,3.7310102362204725,3.7395603212176542
2022,1,22,88.2997090966271,3.6677333123673246,35.79424483056844,9.172340592813901,7.862253321802028e-07,8.805723720418272e-06,-29.670021228083968,0.16815630159603745,11.5,25.0,9.223991919819749,5.449713027753754,5.450558795712484,5.44142725409836,5.452444446856483
2022,1,23,87.87446087492299,3.269858287122612,35.9194393099199,8.565080098582872,6.161429451632779e-07,5.8533579790511395e-06,6.60420517560074,0.015316543438077635,11.5,25.0,8.565240723704385,5.13293977202711,5.132317101494155,5.123537470000774,5.112910990422392
2022,1,24,83.08824439288476,0.834369682907966,35.50788863109049,28.46318638824439,4.640371229698376e-07,3.634957463263728e-06,10.338592420726991,0.040651198762567675,11.5,25.0,28.44980073574494,3.511648105181748,3.494147705210841,3.4866366001397844,3.4671684059388483
2022,1,25,96.01389943794622,0.6096133981467416,35.20613701959593,9.376424122740392,6.83578915388121e-07,1.670970682059851e-06,5.361917059091599,0.029665805863588027,11.5,25.0,9.43373042631303,1.174450858271305,1.173144380952381,1.1640329904761904,1.166767067812948
2022,1,26,90.1106188262638,1.0523757989540965,35.188190005810576,6.695380592678675,7.989540964555491e-07,5.374782103428239e-06,-29.98518303312028,0.26754503195816387,11.5,25.0,6.691653452501082,2.518856042998257,2.518035414996721,2.506193762296874,2.539079502558835
2022,1,27,91.80582524271844,4.949857267062744,35.51463556006376,10.789160991160701,6.810607158382844e-05,0.0007634400811476598,-36.90747717722069,0.5560918707433705,11.5,25.0,10.77306140098011,6.177944500796986,6.1859642466253195,6.174112440715067,6.219492654724501
2022,1,28,94.43214078794901,3.565341830822711,35.59675550405562,20.866743916570105,4.200463499420626e-06,1.3977404403244497e-05,-19.348928157589803,0.26390570683661646,11.5,25.0,20.866608921611085,4.380044901506373,4.376196444185369,4.365283955115126,4.3861287944301965
2022,1,29,89.41355761627489,7.196849974840055,35.64208180576522,16.00848249586658,4.169362375098843e-06,8.8419236575372e-06,-41.79325713464165,0.8004018402702897,11.5,25.0,16.000071607590403,8.864251311911437,8.872601655532966,8.860168820795817,8.881697335937238
2022,1,30,82.05478857968919,2.6469157932779184,35.516443801951574,23.403614022406938,6.505240332490062e-07,1.590169859053126e-06,-25.070545717383446,0.21902710516805207,11.5,25.0,23.51183197870963,5.50562992410553,5.511866627839255,5.499671338089691,5.484478325872861
2022,1,31,82.25146367907482,2.747495482471991,35.30386700397543,10.8840621611854,0.00014586194434405494,0.0028035417419588,-33.4792193711601,1.3494701843151427,11.5,25.0,10.875233443470766,5.564078785688471,5.5672247239976755,5.554885931144684,5.597341847851801
2022,2,1,88.04782355510264,4.9823555102635035,35.533920512447224,12.263284320861843,4.112680157228127e-05,0.0007288542728199156,-43.13327995341389,0.7290013102343864,11.5,25.0,12.230167354922843,6.856590478963459,6.864023165457078,6.852621068836596,6.88702894277903
2022,2,2,90.17482161060143,7.578743264890054,35.737294306101646,19.930173292558614,2.6357943789136448e-05,9.705839522353283e-05,-35.96898208824814,0.3753276539973788,11.5,25.0,19.909077747212972,9.11481505752148,9.116129552282553,9.105232725141057,9.114774726077197
2022,2,3,87.60793882010196,5.698452294246176,35.9965768390386,10.84952658412236,1.0924981791697013e-06,5.025491624180627e-06,-32.70895848506919,0.417476329206118,11.5,25.0,10.858353861759165,7.630533867443554,7.632635244099106,7.620199567512095,7.633794996339157
2022,2,4,88.91012869919291,4.885822729586272,36.03301097942267,18.056060495891806,0.0001558932596524395,0.0010490074892750673,-34.61993746818876,0.7807649240165783,11.5,25.0,18.072307469600464,6.594151094306697,6.590431343830098,6.578711058220431,6.595221101520188
2022,2,5,79.96396198830409,2.49484649122807,35.95577485380117,32.90811403508772,1.4619883040935674e-06,0.0,-41.81739766081871,0.7981257309941521,11.5,25.0,32.80052340796743,5.780206871345029,5.780578951250092,5.767387196695921,5.767926365501556
2022,2,6,89.31031955438287,5.779663588390501,35.445030782761656,8.667766051011434,0.001109865142187042,0.011142480211081794,-42.482849604221634,1.3820946936382292,11.5,25.0,8.680247362677337,7.4436609498680735,7.4420705397246145,7.430398718798321,7.453888919049056
2022,2,7,76.76339550029603,1.751990822972173,35.28012137359384,40.628996447602134,6.756956779159266e-05,0.0036141947898164595,-40.653123149792776,0.6652309058614565,11.5,25.0,40.57856514084507,5.608431024274719,5.62276799044491,5.6091606449686475,5.614121332041014
2022,2,8,87.92896215257244,7.363071407451213,35.6047457125961,33.48432879952691,1.2270845653459492e-05,4.908338261383797e-05,-43.36782968657599,0.6187950916617386,11.5,25.0,33.42911652480188,9.27551818450621,9.284891100965496,9.271630005239128,9.254458330943331
2022,2,9,82.50609254690887,6.578717948717948,35.925469088734395,33.04208716453614,2.2426553038797939e-07,0.0,-28.642819765268744,0.32792255363683936,11.5,25.0,33.022771102210356,9.458704492786126,9.459783885542167,9.445604856927712,9.380878548265208
2022,2,10,93.73591707976566,4.567920234339793,35.34745380802163,15.971759050623405,0.0003290521255820941,0.0030793901156677185,-18.976566020730058,0.18357293074958692,11.5,25.0,15.962164572957704,5.499984978218417,5.4865540489356865,5.474381372623286,5.5056535269398825
2022,2,11,84.06122905027932,1.4360446927374302,35.52461824953445,35.10234636871508,4.692737430167598e-06,3.404096834264432e-05,-26.3243947858473,0.34437392923649907,11.5,25.0,35.118674163953834,3.9969467411545625,3.9882180512973906,3.975812757047783,3.967901579050593
2022,2,12,76.8271080295236,-1.666478789234325,35.60195332886006,42.43994632073362,4.398717661969731e-06,2.847983299783792e-05,5.022813688212928,0.24631849698054126,11.5,25.0,42.4676344245297,2.3958256914933274,2.3931517830386575,2.378569186394966,2.3617494332276467
2022,2,13,69.59334028605483,1.5872847139451727,35.842744338498214,39.02361442193087,9.684147794994041e-07,1.512216924910608e-05,2.6939809296781885,0.7827137961859356,11.5,25.0,38.978961404548485,6.8362663885578066,6.859667946690761,6.843443076575559,6.822207971749336
2022,2,14,75.66629356018207,5.462056562943064,35.859264234012386,37.410491754346694,4.141481978956795e-05,0.00012812476680844714,-26.872919931348406,0.8675083948959033,11.5,25.0,37.55401085421158,9.631825983135588,9.63715338900173,9.621606447002183,9.56837738039239
2022,2,15,84.55090220539095,5.122834335783768,35.9092596717903,35.92188312170491,0.0003808569094824386,0.001533377886685973,-35.015148139897526,0.8009356204054355,11.5,25.0,36.02537920828709,7.6935070914086285,7.696305127821796,7.681859844520855,7.662046634673608
2022,2,16,91.58911959514772,10.099406117436928,35.84304532261665,21.16335491553174,0.00026017712286968816,0.0039100989804271786,-40.95125400014884,1.432117288085138,11.5,25.0,21.149352091817846,11.436243209049637,11.434760304659498,11.421198962066905,11.382947075690833
2022,2,17,71.45943516368267,5.284532923814518,35.74559892126751,40.95527754888007,0.0001394861038280021,0.00054438534721702,-44.38235073788299,1.4115064798861339,11.5,25.0,40.9213908908537,10.429725822158963,10.432824680210684,10.418702257336344,10.353837336651278
2022,2,18,76.45854534570488,5.188031278060461,35.90107752170009,25.278584256210717,9.151451661179289e-05,0.0009869051182280755,-27.7568093385214,1.5774857826997906,11.5,25.0,25.286384277525496,9.326911104459743,9.330965084643289,9.315749244256349,9.29170633924088
2022,2,19,72.8603947666944,2.0323020494592754,36.1082961506466,33.49746653558194,0.00016032670347122438,0.000740225364894502,-44.03077970203434,1.343351735612191,11.5,25.0,33.56895252449134,6.640508205399683,6.64189183004043,6.628382180181554,6.651136969682012
2022,2,20,84.93194199340137,7.024312130745032,36.34481700299241,14.211002838947287,0.000322565794521599,0.0010762679352413105,-42.321875239775956,1.4697283818000462,11.5,25.0,14.209889773423148,9.440500268549068,9.442611085307323,9.42890199721319,9.45217985730313
2022,2,21,77.55309297912713,2.9888440227703983,35.990512333965846,23.00865275142315,0.00023764705882352942,0.002682201138519924,-42.369032258064514,1.3886929791271347,11.5,25.0,22.97506234413965,6.677550664136622,6.681813942822199,6.6678352698364165,6.702622125812758
2022,2,22,89.26989540700319,5.651840230407761,35.89199636198272,26.812566318023343,5.328179475519176e-05,0.0003311353645596483,-31.601030771562833,0.5800128846445354,11.5,25.0,26.841332027424095,7.320530544186751,7.337593513348122,7.325192534230857,7.328068419161607
2022,2,23,75.42927531837478,3.3916252274105516,35.83459672528805,53.21012734990904,1.2886597938144332e-06,2.9563371740448757e-06,-21.604078229229835,0.3659285930867192,11.5,25.0,53.229271592873786,7.751850363856883,7.742276067983464,7.7289975501454595,7.653427810514827
2022,2,24,79.50897842160857,3.201358835068658,35.58472913837332,35.14735174287008,0.0002553191489361702,0.002333559680096575,-38.03297117851215,0.6725071676475026,11.5,25.0,35.12079430498314,6.580830692621095,6.572626717557252,6.5597925572519085,6.551996725894826
2022,2,25,80.4435228472327,1.5390996833056856,35.26956718443674,42.9127582566732,4.456341426632484e-05,0.0004505353641984618,-32.38938320012065,0.6343635952345046,11.5,25.0,42.87392378528113,4.675095762328457,4.68497455374098,4.6729575009494875,4.656814295238708
2022,2,26,83.03167246040942,0.255338740826574,35.30954036307455,62.83113171108536,5.021243723445346e-06,2.6882966396292008e-05,21.31131711085361,0.18273001158748553,11.5,25.0,62.601040232522564,3.0634816531479334,3.060218506998445,3.0511069595645415,3.01591648599024
2022,2,27,65.61347921890435,-1.6502575792113061,35.35681179241699,63.2222475495783,6.838386140870755e-07,4.786870298609528e-06,30.397386216852823,0.2681536357419649,11.5,25.0,63.43405348239915,4.8086824709368585,4.7938663411657005,4.782481728715288,4.703331551539242
2022,2,28,67.73856109630758,-1.6109676437000382,35.34145413018653,63.48747620860297,1.1419870574800153e-06,1.2333460220784164e-05,17.538637228778075,0.15538180433955082,11.5,25.0,63.718761825474914,4.412952417205938,4.399628130726939,4.387607742822236,4.30012142331553
2022,3,1,70.03262411347518,0.24114221724524076,35.34744307577454,40.707502799552074,6.71892497200448e-07,6.718924972004479e-06,7.477640910787607,0.02903098170959313,11.5,25.0,40.81076478862812,5.545290780141844,5.544318999100989,5.532347767455799,5.382650761723874
2022,3,2,64.60770244545321,-0.5078173963977156,35.38021672279982,61.557987992385414,1.8304290525699225e-06,1.4496998096353785e-05,15.510030751208083,0.08152291697173818,11.5,25.0,61.68066860465116,6.367903792648997,6.363093207880036,6.351823801822993,6.176122867180015
2022,3,3,65.13691087945969,-0.8939516957862281,35.20599030979298,67.28828365878725,9.543385699603583e-07,8.295404492732345e-06,17.450888268976655,0.08890030832476875,11.5,25.0,67.3497597903625,5.682570841286155,5.690542692818168,5.6790060463058545,5.488934888793724
2022,3,4,59.90985524199444,-2.6811639128527562,35.22342447726276,69.21487059511624,5.11770726714432e-07,3.5823950870010235e-06,16.76107618072818,0.0883206609153385,11.5,25.0,69.45939658306071,5.281618657698494,5.2677558651026395,5.255406708211144,5.053758714182186
2022,3,5,69.03978102189781,-2.025493430656934,34.81313868613139,67.55452554744525,7.299270072992701e-07,1.1313868613138686e-05,-0.8174452554744526,0.06788102189781021,11.5,25.0,67.43685510826914,3.7719970802919707,3.7500300278306726,3.737513659001025,3.5881948585403647
2022,3,6,70.8986466821886,-2.7145205180442376,34.638387660069846,59.23537543655413,2.1827706635622817e-07,0.0,9.784487776484283,0.20398573923166471,11.5,25.0,59.20951966963703,2.4086233993015136,2.3919204620220778,2.3793611375100516,2.2390942090607724
2022,3,7,62.0862647788644,-4.645034301561816,34.45234272368997,69.65304335133557,1.970515253247701e-06,1.5618157933148444e-05,29.139614654794922,0.40726317325937816,11.5,25.0,69.73037864500218,2.3007604729236606,2.2757551470588235,2.2635323529411764,2.068541082911084
2022,3,8,54.89358407079646,-4.864303097345132,34.19277286135693,74.0344395280236,3.4660766961651917e-06,3.8053097345132744e-05,25.55184365781711,0.22147050147492625,11.5,25.0,74.05594200776159,4.256497050147493,4.2388926796706965,4.227321849736705,3.929403885044717
2022,3,9,56.40108340753933,-2.054392994953992,34.27901454437519,77.10626298604927,1.7067379044226772e-06,2.1074502819827843e-05,17.726996141288215,0.13190560997328585,11.5,25.0,77.1080862335369,6.820536509349956,6.803007081625046,6.792207603428997,6.526737169179291
2022,3,10,59.68349098433343,0.4607382500738989,34.14595033993497,79.472805202483,0.0,0.0,25.81222287910139,0.2205852793378658,11.5,25.0,79.30127828386718,8.742453443689033,8.726096240824498,8.715135167198042,8.507165635220193
2022,3,11,55.01538008683494,2.448319964677313,34.39701228935168,71.40849216277871,0.0,0.0,39.64537493560969,0.5087747442784605,11.5,25.0,71.37674895612044,11.320072853042902,11.344577705210034,11.332861845034882,11.130996805039517
2022,3,12,67.76089682129951,6.0047208496201785,34.54554170661553,55.720923371930084,2.212552548123018e-07,0.0,16.685006268898885,0.5270491924183199,11.5,25.0,55.847170226822286,11.938526440002951,11.954001937262499,11.940520043215857,11.77408288640001
2022,3,13,67.7681855106713,5.888938778524481,34.62661546414593,60.73598700243704,0.0,0.0,24.72786352558895,0.5520301307141274,11.5,25.0,60.70252792475015,11.919009674322428,11.922415563160243,11.909865124237465,11.738912636648827
2022,3,14,75.35843462792766,5.579816187370294,34.695004447079754,68.02156833679217,0.0,0.0,-27.46464571597984,0.33231544619033504,11.5,25.0,67.9458962090541,9.976994515268306,9.984491854730235,9.97446648483037,9.87611036339461
2022,3,15,80.49985178597895,5.108649770268267,34.73684600563213,39.55061508818734,2.223210315695865e-07,0.0,17.730028160664,0.09413813546761524,11.5,25.0,39.61343547436653,8.348857269897731,8.337502977963073,8.327382333234068,8.280292243692463
2022,3,16,83.38467783600265,6.588120894530961,34.881762491696804,43.81548453760425,0.0,0.0,35.0644327994686,0.20596353974463058,11.5,25.0,43.681087036356956,9.329428002066573,9.332673032792952,9.32062169664668,9.235770791280801
2022,3,17,75.60968005344814,4.376591195902308,35.257367678717245,41.17533961843961,2.8208744710860367e-06,1.4698240665132507e-05,-16.13272956721847,0.35262786727043277,11.5,25.0,41.18496896245936,8.57522381411922,8.569012005070466,8.55775188278279,8.477820999141578
2022,3,18,64.89694600177043,1.3221370610799645,35.47543523163175,94.8301858955444,0.0,5.126881085866038e-05,18.296842726467986,0.3793973148421363,11.5,25.0,95.01488597198798,8.452580407199763,8.420915289409324,8.409361520788558,8.238639935009038
2022,3,19,55.671729833357915,0.46391535171803566,35.578233298923465,96.01577938357174,0.0,0.0,33.030084058398465,0.7484891608907241,11.5,25.0,96.16376535985957,9.74545273558472,9.72901440879382,9.717936905822935,9.568125899858101
2022,3,20,71.07297496318115,0.5329536082474227,35.271944035346095,71.11936671575847,8.549337260677467e-05,0.0013677466863033874,1.11480117820324,0.17336156111929307,11.5,25.0,70.99018961856652,5.620667157584684,5.615169730210495,5.60497998814112,5.498545535026369
2022,3,21,71.450255574487,4.093626935328543,35.49559226609379,93.89628861397141,7.407956144899623e-08,1.4815912289799245e-07,10.401659382176458,0.07015334469219942,11.5,25.0,93.66068025216244,9.645227794651456,9.639733939484275,9.628906990609629,9.398428161343974
2022,3,22,60.09718309859155,3.384988880652335,35.79132690882135,104.25100074128984,1.4825796886582654e-07,0.0,17.40222386953299,0.10007857672349889,11.5,25.0,103.98275607958732,12.03714232765011,12.016668153434434,12.00596000594707,11.724467334533141
2022,3,23,57.108863552776754,1.3979985288709085,35.75542478852519,104.30114012504598,1.1769032732622287e-06,5.810959911732255e-06,-6.514748069143067,0.0722184626700993,11.5,25.0,104.05369274600044,10.919605737403458,10.90871904481132,10.89889858490566,10.619264664273325
2022,3,24,57.30359093888848,1.147457207371258,35.84499963580741,105.10685410445043,2.1851555102338116e-06,5.251657076261927e-05,-1.9965037511836259,0.07670915580158788,11.5,25.0,104.8858967844959,10.75149318959866,10.730619798510732,10.720530916922177,10.435591842573736
2022,3,25,61.8048585351662,2.6461364462870027,35.696632482362354,103.5425121827042,3.6366281184086114e-07,2.181976871045167e-06,8.545348752636555,0.13403229325769148,11.5,25.0,103.6488245931284,10.601690304749438,10.582205431449847,10.571567564607971,10.329558394369075
2022,3,26,61.04704844519591,3.901465853120635,35.45364993016246,109.20664559288392,8.086451518047489e-07,1.3158862015731824e-05,13.59067852679556,0.23407483643313973,11.5,25.0,109.11788766342853,11.968433433801367,11.946083105764265,11.936210605948778,11.669578789120138
2022,3,27,86.44429669030733,7.288881501182034,35.5036938534279,73.54942375886525,2.2163120567375887e-07,0.0,7.865248226950355,0.09639332151300237,11.5,25.0,73.62272894446488,9.546548463356974,9.541498773325403,9.531670024533492,9.458366723707355
2022,3,28,72.32996459132488,5.758706107996459,35.301490115078195,100.6226763056949,0.0,0.0,-7.273605783416937,0.09768663322514017,11.5,25.0,100.62125100828628,11.154679846562408,11.14780664742024,11.138429787549041,10.914017247519737
2022,3,29,70.32788340608123,6.484122216468151,35.23407560849301,67.98039505807502,0.0,0.0,18.316046460013318,0.11970407634830213,11.5,25.0,68.05724153133956,11.872177998076497,11.864797679262123,11.855028972032132,11.602114898897367
2022,3,30,68.92892721730726,3.902244442792357,35.41535945282879,65.36919188164448,3.085272470448294e-05,2.966322206527396e-05,14.308229871385027,0.17131663073377446,11.5,25.0,65.48110626340309,9.58965430079548,9.57797844472719,9.568885674724946,9.418549147505312
2022,3,31,82.74985193959135,2.0292648800710693,35.61400651465798,44.72408942848682,0.00015553745928338763,0.0006594610601125258,-4.116819662422269,0.31486230381995856,11.5,25.0,44.63022673733804,4.869330766952917,4.8671538404120325,4.857550682988729,4.845429753136408
2022,4,1,83.9189650059312,-0.5646226275207592,35.46018683274021,17.060498220640568,0.00012944839857651245,0.0014564056939501782,8.593268090154211,0.5850489323843416,11.507399305108738,25.01608544588856,17.00712973171628,1.9287759489916965,1.9253070241126253,1.9163177325146026,1.9401502134781667
2022,4,2,65.39279133190831,-2.6102041718876685,35.19591656224663,57.28259747917742,3.685413134812413e-07,6.117785803788605e-06,7.110267560993587,0.39510724552222304,11.5,25.0,57.227126335821985,3.392652023291811,3.3853472790888115,3.3763036179557804,3.268887861396391
2022,4,3,67.9059405940594,-2.397604551499926,34.936677996157826,87.51027043002807,1.6994236737106547e-06,1.9949756169646816e-06,-7.783951529481306,0.15129082311216197,11.5,25.0,87.5530574880996,3.4685436677996155,3.452785777909739,3.4433537336698334,3.294655755187427
2022,4,4,87.5241060961313,3.075179513481829,34.976773153575614,37.06718933177022,0.0001515240328253224,0.0003332356389214537,-38.06330597889801,0.9864976553341148,11.5,25.0,37.03292780651271,5.002820193434936,5.010143519540738,4.999371494811217,5.028913172754883
2022,4,5,88.63992042440319,9.294434129089302,34.913645741231946,46.542219274977896,0.0002690834070144415,0.005690981432360743,-49.77785145888594,0.7640274093722369,11.5,25.0,46.51113063854716,11.132834512231064,11.130615453062436,11.119728533293788,11.097700516547397
2022,4,6,80.01535297142438,6.915179607727907,35.19474032175127,41.83288033497392,8.638801145963417e-05,0.0003819143465804745,-40.586645118636596,0.9622287519283038,11.5,25.0,41.82509144111192,10.243338720340851,10.248964140480592,10.237355083179299,10.152500996296695
2022,4,7,72.49271968976366,5.602334089412453,35.23926245701325,88.6685446696422,0.0002988951488988073,0.0032639203921855566,-45.14275261578986,1.6877185922294577,11.5,25.0,88.46082714431338,10.655273286017414,10.658463067972605,10.647682156270712,10.542069417341148
2022,4,8,75.32350986040328,2.382975847551518,35.01713568210355,46.94859295368934,1.2556318782775686e-06,0.0001735726419971933,-13.450107098013147,0.21705295812098382,11.5,25.0,46.81714201920962,6.605012187015289,6.609081133194898,6.5985789083358055,6.483020500105059
2022,4,9,69.99345189374209,1.131649676315202,35.056849467966366,110.76069648039288,1.2054468338418037e-05,4.911079693429571e-05,-29.063992856611357,0.5553225686435003,11.5,25.0,110.68713471924244,6.743035196071136,6.737691616766467,6.72754883982036,6.584063276965941
2022,4,10,64.85462259937472,1.0817783236563943,35.35975882090219,121.74705969927051,3.7218996575852317e-07,0.0,-5.254950126544588,0.10493002828643741,11.5,25.0,121.60911786508525,8.075115378889386,8.067265135699374,8.056995265433939,7.828116842344594
2022,4,11,55.156192440875266,2.195124143520224,35.15545568407869,132.44610624033007,0.0,0.0,35.322331098504385,0.3500508362189641,11.5,25.0,132.4371468408307,11.647165696603551,11.637047506289774,11.627493340239752,11.342464697889664
2022,4,12,58.2237633935124,6.6699222075444,34.762659621312196,114.94495816820783,7.338910905621606e-07,1.0714809922207544e-05,13.913180683986496,0.2776009100249523,11.5,25.0,114.88572890773504,15.25727212681638,15.231964865662828,15.222019117212874,14.846271132998446
2022,4,13,86.08956982911019,10.691652180318208,35.07417501473188,37.76885680612846,8.028874484384208e-06,3.0053034767236302e-05,-8.40564230995875,0.033409693576900414,11.5,25.0,37.79023746701847,12.984407041838539,12.983986436679936,12.974177170868348,12.869367127702214
2022,4,14,77.63907724056604,9.475908018867925,35.24528301886792,115.37721108490567,1.179245283018868e-06,0.0,-9.821049528301886,0.17413693985849057,11.5,25.0,115.04090309338807,13.763486143867926,13.759757701115461,13.74990695870577,13.52202364549803
2022,4,15,77.69790518191841,8.052527012127895,35.22881293642043,144.356927600147,0.0,0.0,11.151635428151415,0.18994487320837927,11.5,25.0,144.25130008056837,12.142492466005145,12.115237145390072,12.105642398049646,11.912914805376493
2022,4,16,63.46544292508918,5.114599435196196,35.41104340071344,148.45258620689654,0.0,0.0,30.002080856123662,0.33449910820451845,11.5,25.0,148.23751379183523,12.504949464922712,12.473429254802303,12.46300500784812,12.1981313478917
2022,4,17,49.34296810814848,1.4313570841735752,35.374038389722905,155.77653297483008,0.0,0.0,27.53641048622003,0.19693554410336844,11.5,25.0,155.9123974273675,12.78669803570095,12.758930907450567,12.747793173445606,12.383922130824178
2022,4,18,52.32138874433128,2.323431715114118,35.37246301390231,147.67496840383615,2.230317448516839e-07,0.0,16.52434763214631,0.11184075533417591,11.5,25.0,147.6982676004423,13.064304512675637,13.028187313432836,13.017107723880597,12.639051729117217
2022,4,19,54.630514022167674,3.868260804879863,35.319497136055936,141.91370973740982,2.2316447221602322e-07,9.74484862009968e-06,16.596072305289,0.19365617793647252,11.5,25.0,141.7233744187763,14.10569441344938,14.076883505308807,14.066033348287723,13.684419469067894
2022,4,20,50.37055762081784,2.975639405204461,35.301486988847586,131.78736059479553,0.0,0.0,26.559405204460965,0.261724907063197,11.5,25.0,131.8130585715341,13.498080297397768,13.484200134619698,13.473271370877272,13.053188137289744
2022,4,21,56.254607609988106,4.733749256837099,35.21685493460166,151.48246135552913,7.431629013079667e-07,1.0998810939357907e-05,25.093564209274675,0.38014565992865634,11.5,25.0,151.4866799498192,14.040388674197384,14.01861947565543,14.00751629213483,13.693100268795076
2022,4,22,65.73115709270188,6.487908418615075,35.131769627250314,95.12571898110107,4.481960110555016e-07,1.9421827145738407e-06,26.37760513931426,0.37955703294240684,11.5,25.0,95.15508694043655,12.973548965414208,12.958733529101725,12.947796777351105,12.690721308414766
2022,4,23,63.22173230700247,7.641526044391301,35.16747627232643,104.97190045587027,0.0,0.0,32.1933338315522,0.4719923772513265,11.5,25.0,105.15775044457617,14.79400567969509,14.788100988753868,14.77714363348177,14.483991887287246
2022,4,24,53.57220364176886,4.875311036789298,35.222891118543295,133.00572277963582,0.0,0.0,12.274247491638796,0.3102088442958008,11.5,25.0,133.1502693925751,14.596728353771832,14.586516879052091,14.575524666517623,14.220812328969995
2022,4,25,82.05702343633378,6.47479250634423,35.17942976563666,77.27198089267054,0.0004320047768323631,0.002586356172563069,0.2690700104493208,0.14347141364382743,11.5,25.0,77.02761735524952,9.578843857292133,9.566922558922558,9.556184100261879,9.424255823363142
2022,4,26,72.8573031186897,5.431708174407299,35.13783561438935,109.74384862762696,0.00012048463091765762,0.0024643631740333557,2.3836661431456134,0.2511315533617531,11.5,25.0,109.95059713671093,10.580295415451351,10.572870293518449,10.562246019769109,10.40225062215448
2022,4,27,65.9171266597046,4.395768312695807,35.33022527226615,155.70244666567208,1.491869312248247e-07,0.0,9.998284350290914,0.1565955542294495,11.5,25.0,155.63394244284976,11.218559600179026,11.197222263839988,11.186752528279271,10.917074213953935
2022,4,28,63.424970077797724,5.245067324955117,35.44793536804309,151.24768102932376,1.4961101137043688e-07,0.0,10.70025433871933,0.17192025733093955,11.5,25.0,150.9682727946627,12.613017654099343,12.593745596282139,12.583168090847764,12.294028860721612
2022,4,29,72.77408761847899,6.613920441824017,35.375699679080526,94.94320471676991,0.0,0.0,6.521606090006717,0.1487110978431226,11.5,25.0,94.95663795663796,11.51064930218673,11.500261992342917,11.489733240747691,11.25378424594765
2022,4,30,72.82513783340784,4.50970570704813,35.32498882431828,81.52525704067948,1.9371181642080168e-06,1.5496945313664134e-05,0.7795410520041722,0.19590225003725228,11.5,25.0,81.63933091555029,9.341691253166443,9.332300838574424,9.321493673255466,9.124605439653893
2022,5,1,68.10398690865814,4.354769413864921,35.08628384409402,118.11841713775662,0.0,0.0,-0.12771496578399286,0.07283844094019637,11.5,25.0,118.10902366863905,10.633380690270753,10.615813138468422,10.605730668853926,10.399084757558184
2022,5,2,58.91302735967969,4.390000741454735,34.93111885519389,168.40957959516572,3.039964410172759e-06,3.1585971676429154e-05,4.62615852302217,0.1744665233187514,11.5,25.0,168.60432607416126,13.222063468525247,13.203231272294886,13.193035448870392,12.904251686534453
2022,5,3,64.36126656848306,6.160991163475699,34.83033873343152,146.1095729013255,2.2091310751104566e-07,0.0,3.2715758468335787,0.19972312223858618,11.5,25.0,146.1269236406273,13.281083210603828,13.261756097560976,13.25222261640798,13.029915011361494
2022,5,4,68.01564344746163,6.97883707201889,35.147948642266826,155.67960448642268,5.90318772136954e-07,1.483175914994097e-05,-5.121605667060212,0.1567694805194805,11.5,25.0,156.04792660550459,13.213214285714287,13.197098875074008,13.187365156897574,12.990193179091406
2022,5,5,76.9831245394252,9.899095062638173,35.09690493736183,104.92593957258659,4.8415622697126016e-05,0.00027280766396462787,-6.545910095799558,0.09589462048636699,11.5,25.0,104.80124496521421,14.0806565954311,14.072026857522319,14.062019479082121,13.883302345953494
2022,5,6,75.83093286062486,9.708157914173867,35.11958047123126,155.58623236575818,8.12467685944309e-07,0.0,-5.526183617697024,0.07491469089297585,11.5,25.0,155.33934726806015,14.654994460447597,14.633610967024824,14.623673731011486,14.437737879790594
2022,5,7,75.72097819681791,11.357701090159104,35.3577637006482,122.17228933411903,2.7253977607542724e-05,0.0004609605185621685,-5.3453152622274605,0.1387588391278727,11.5,25.0,122.09652594547053,15.909082203889216,15.894964921349974,15.884804851931172,15.659645665333032
2022,5,8,64.12896577107104,7.995054839896945,35.275377254324624,175.57806404122195,0.0,0.0,11.398012513801987,0.1968678689731321,11.5,25.0,175.39224738037663,15.55345012881855,15.53369970414201,15.52389275147929,15.23957552866854
2022,5,9,61.465527401296406,9.12637227460224,35.51038597525044,176.36085739540366,0.0,0.0,2.3356658809664115,0.08736593989393046,11.5,25.0,176.79107638381774,17.481600618738952,17.460502991358297,17.450178447448113,17.027681681050076
2022,5,10,61.408187711386695,11.132360484780158,35.78516065388951,112.80171927846675,1.4092446448703494e-06,1.839064261555806e-05,-15.580256482525366,0.32884160090191655,11.5,25.0,112.96866256295468,19.343846533258173,19.332468847352022,19.324524037099973,18.97607981434095
2022,5,11,59.864835240117834,11.13539631431116,36.0706994587929,172.2092895800507,3.0485716243063645e-05,2.4731109132013428e-05,-28.662807426183463,0.4961444132355964,11.5,25.0,172.36407038603193,19.48296225251764,19.463453143289954,19.455734214693937,19.080689892085623
2022,5,12,64.40765288691493,8.957633754697643,35.775196446873935,131.99555859241545,5.466347796378545e-07,1.510078578749573e-05,-23.30543218312265,0.2522350529552443,11.5,25.0,131.99972805765177,16.151312606764606,16.136144810057015,16.129422099333652,15.818309094281172
2022,5,13,65.11805461214509,8.106323869039533,35.666213829642714,141.1603722320337,2.0377666077978536e-07,0.0,-27.366594212742832,0.34551283792962917,11.5,25.0,140.91905793178125,14.914857356337453,14.896006697648987,14.889701647074904,14.631905284078671
2022,5,14,62.84568618075005,9.020223375913654,35.67613908053829,186.16647311974862,0.0,0.0,-8.384589111278093,0.10212651137372772,11.5,25.0,185.97997420405946,16.834175831682494,16.820651057712055,16.815267611419184,16.41912987615275
2022,5,15,55.308518697059434,10.30267061497142,35.58866469251429,187.61517801804283,0.0,0.0,27.25397699882928,0.2050946904483162,11.5,25.0,187.30818212940773,20.611647958129605,20.583768015521063,20.5791649113082,20.062128289976403
2022,5,16,65.90419243986254,12.929101030927836,35.5527147766323,111.78,1.0309278350515464e-06,6.323024054982818e-06,-16.921649484536083,0.2974247422680412,11.5,25.0,111.72203250922006,19.66809072164948,19.654324454871652,19.649383038918025,19.31146860690662
2022,5,17,61.818980306045425,12.13095587730735,35.576957386948465,159.11692856652715,0.0,0.0,-5.128182254854869,0.167461058121183,11.5,25.0,158.72869909270756,20.803301310642972,20.794360860895278,20.789759300006878,20.3776479856082
2022,5,18,62.27790277493693,14.062278584577623,35.76559623644917,175.03279470921115,3.545373968773437e-06,2.3931274289220702e-05,-6.560714529215245,0.10372605168064361,11.5,25.0,175.0612922910028,22.12368105270335,22.10871437359032,22.1096939375299,21.63149990504018
2022,5,19,77.81108414239482,15.81838255124056,35.83919902912621,114.83474919093851,0.00032800701186623516,0.004344592772384035,-1.3081175836030206,0.2414718176914779,11.5,25.0,114.9261024229814,19.976367988133763,19.962233571671774,19.968171569628876,19.672934353934465
2022,5,20,86.29701591511936,13.34765450928382,35.94031830238727,73.1382625994695,0.0004841511936339523,0.004984018567639257,-5.309946949602122,0.2889973474801061,11.5,25.0,73.20763076109237,15.66995026525199,15.665856496874584,15.67148713259742,15.552558343628483
2022,5,21,68.80644088096346,9.873822609621397,35.97405016967197,160.2796593253044,2.4619069798389778e-06,5.7355778827599976e-05,-25.299687271275534,0.2992168474283053,11.5,25.0,160.16663357818808,16.103685541286847,16.0920848671441,16.09647567097249,15.815534031894066
2022,5,22,65.02056555269922,10.817348126099311,36.01522121499121,193.2967122175619,4.058990664321472e-07,8.185631173048302e-06,8.911852252739818,0.07892572047084292,11.5,25.0,193.28211316706893,18.274472331213637,18.270213083604776,18.27043308903366,17.818477974312653
2022,5,23,83.54675055217187,14.004865805501641,35.94940097717689,72.80771032728732,0.0010457800682685228,0.007519911652499833,-9.308480021417576,0.1883247439930393,11.5,25.0,72.58633738299143,17.04218258483368,17.022838466203922,17.028312588449356,16.86204957913199
2022,5,24,80.48750753566883,10.11947685712372,36.036037242949966,127.31817268403778,7.883984191841383e-05,0.0007973072543371961,-26.30310134637283,0.3919987942929868,11.5,25.0,127.32550089862211,13.537987139125192,13.531551839914048,13.537235461993017,13.374540018886977
2022,5,25,71.45804429028816,9.258048292422625,35.836379402347916,133.96631536819638,2.4679829242262537e-06,2.3812700106723586e-05,-30.891008537886872,0.5082263874066169,11.5,25.0,133.75684273311683,14.800069370330844,14.784385435526051,14.78899919533293,14.59740943749124
2022,5,26,72.79257481836966,11.827275878157701,35.412650803172696,135.4759048190362,1.3330667199893355e-07,0.0,-38.424648403652604,0.6408125041658336,11.5,25.0,135.51659489897318,16.897047257215224,16.885120743862466,16.89088577831293,16.672137185762917
2022,5,27,70.1332570967308,9.712733082200995,35.55428494551325,171.633997040226,7.278353289385175e-05,0.0013300820664603793,-22.96656800753397,0.46787568949280234,11.5,25.0,171.57683816150399,15.626942688012916,15.59778108711839,15.604790191565694,15.41769581774294
2022,5,28,66.53766198704103,6.701203428725702,35.230224082073434,148.38053455723542,0.0,0.0,-10.757694384449245,0.34444586933045357,11.5,25.0,148.51369817134437,13.271449109071275,13.230343420605237,13.235644814688882,13.001850125095308
2022,5,29,79.55372836218376,7.0844467376830895,35.161584553928094,112.65386151797603,0.0001125832223701731,0.0006621171770972037,-7.671371504660453,0.19785019973368842,11.5,25.0,112.46877276640838,10.652728362183757,10.627754046611592,10.633291691853046,10.507080449904924
2022,5,30,67.61921636801284,5.660162476598021,35.03062316127307,121.24391548542391,1.40411874832843e-06,1.3706873495587057e-05,3.8591869483819203,0.048359855576357316,11.5,25.0,121.12853726584297,12.070288178657396,12.066438099068302,12.072032006166634,11.813320572143898
2022,5,31,65.60343324616107,7.34855964594649,34.436062495809026,126.348353785288,2.6151679742506536e-06,0.0,-11.330718165359082,0.1582887413665929,11.5,25.0,126.03926788685524,14.427842151143299,14.408080468276928,14.413141492296306,14.12349295137935
2022,6,1,71.17330824541361,7.709769504737585,34.747732007257575,129.62878838787717,1.8143941939385794e-06,1.5254351186076205e-05,-16.448827363752436,0.2669524897520328,11.5,25.0,129.4020962681087,13.326168268261542,13.299399837793999,13.30460536631522,13.135488584761424
2022,6,2,63.14807588805167,7.474393164693219,34.88145855758881,202.58402852529602,4.0365984930032293e-07,0.0,16.347416576964477,0.14389531754574814,11.5,25.0,202.86042167066987,15.368181512378902,15.340509184224745,15.345671596434359,15.043826864999314
2022,6,3,56.72166128163705,9.760891222401723,34.807619816908996,134.90111739364568,3.365643511039311e-07,9.42380183091007e-07,15.653002154011848,0.12569130317716748,11.5,25.0,135.11625267094018,19.19695745826602,19.185650091086973,19.190384791849404,18.706978333152094
2022,6,4,60.3212104945313,12.756481245386835,34.71153459035094,190.29483996510768,0.0001870764275649198,0.00017325370730725357,20.87593102059988,0.27126618801583574,11.5,25.0,190.49796653110207,20.93324297121385,20.92387253907043,20.9295809823422,20.453273036708858
2022,6,5,92.34222072224097,16.112853189335134,34.71812352345596,54.41059736753291,0.0015454606817414784,0.020973337833277084,-14.713736078299021,0.20710833614579818,11.5,25.0,54.444734901803066,17.38572797840027,17.381244227112198,17.38601650366748,17.373054574669652
2022,6,6,75.59666306403675,11.466071332072413,34.772696568495,120.14057011618482,5.944339367738449e-06,0.00010868684139421778,-26.96683328830046,0.4346703593623345,11.5,25.0,119.77428437353355,16.043953661172655,16.03692594601926,16.041966668927166,15.877328410329495
2022,6,7,84.75365273530412,12.784920149507306,34.6041454298335,97.3278967040435,0.00017376826367652057,0.001766156982670744,-15.200271831464493,0.12014950730547061,11.5,25.0,97.21851228542579,15.400342507645261,15.400399890628204,15.406254972998838,15.274404390139184
2022,6,8,89.20555555555555,13.297544715447154,34.77994579945799,64.89722222222223,0.0009671409214092141,0.011392411924119241,-14.38069105691057,0.21381436314363145,11.5,25.0,64.88053157042634,15.107127371273714,15.109525460602352,15.115084438099123,15.142126350685272
2022,6,9,72.74873478320339,11.750922582410066,35.01251538777185,147.98768978251948,2.4620434961017648e-06,4.089727807413486e-05,-24.916974422103678,0.27322732868280675,11.5,25.0,147.95196358200843,17.051555874709344,17.031814682430575,17.03782434011548,16.79925009275117
2022,6,10,69.98679193899783,13.767701525054466,34.88269335511983,122.39351851851852,1.3616557734204792e-07,0.0,-14.677219498910675,0.25929125816993465,11.5,25.0,122.12257758503863,19.521091367102397,19.513402976922027,19.519241499385497,19.26353169713513
2022,6,11,67.10080891849637,12.862975324587044,34.74984705322548,183.03174495275644,2.0392903269662158e-07,0.0,-18.895520358915096,0.217484195499966,11.5,25.0,182.755751014885,19.60927129358983,19.594471761251107,19.599766407157002,19.239140778205776
2022,6,12,65.15206746463548,10.417217763873776,34.75727693144722,189.95048966267683,0.0,0.0,-14.512581610446137,0.21916621327529923,11.5,25.0,189.64044107698552,17.61812023939064,17.593653977350254,17.59886597762314,17.219711615762847
2022,6,13,65.27855971576933,9.155506285870455,34.88145668215359,178.71576933588412,1.3664935774801858e-06,9.018857611369227e-06,-11.42723421699918,0.27942197321672585,11.5,25.0,178.90667298321603,16.19891568734627,16.164746205096506,16.169916374751015,15.890230350262435
2022,6,14,60.242073546531536,8.329974662740533,34.83236321303842,212.79202903512976,0.0,0.0,13.945833048003834,0.12556461001164146,11.5,25.0,212.58515848183922,16.96026843799219,16.92764471332325,16.933200948714422,16.54836683699446
2022,6,15,58.749007257291524,11.608133643708065,34.68526632890593,204.3915514172258,2.0539504313295907e-07,0.0,7.25058195262221,0.10145488155552512,11.5,25.0,204.67955951328938,20.75312132000548,20.72068206820682,20.726287885038502,20.158732622610913
2022,6,16,58.0009585758302,11.57692571037316,34.40712084902431,203.3854159534406,0.0,0.0,10.421704895583705,0.12502430674426565,11.5,25.0,203.00462773921328,20.994953098254022,20.964081590533848,20.969682374793617,20.41159045446179
2022,6,17,56.53303069313639,13.893943356595974,34.14425096551257,208.53384375635207,6.775526797208483e-07,8.40165322853852e-06,-9.124059895656888,0.17241412019784538,11.5,25.0,208.30835405605217,24.068001897147504,24.063248507057548,24.069272970955485,23.50518903142435
2022,6,18,59.37682047094052,17.6041847012386,33.99047230161971,201.40798965564176,3.130529467809991e-05,0.0003362596978358514,-5.931264461685042,0.1668803593303389,11.5,25.0,200.3052390263637,26.975325983394583,26.979336762688614,26.986635973936902,26.416955835557253
2022,6,19,75.13406727002567,12.067719843306767,34.04558962582737,83.98831554775091,0.00017830609212481427,0.002633797109280022,5.592867756315007,0.3050472781304876,11.5,25.0,83.88651150311892,16.567209914899365,16.55358525282813,16.559316648493937,16.396431942231555
2022,6,20,66.78360768175583,10.462356652949246,34.352949245541836,168.0749657064472,3.6145404663923186e-05,0.0005522633744855967,2.7165980795610425,0.19570233196159123,11.5,25.0,167.20071757378824,17.16634499314129,17.154451034482758,17.160151655172413,16.891183058417692
2022,6,21,70.48547173717994,10.585119055835461,34.42867002553661,103.86948719718407,2.0705362688936436e-07,0.0,9.973566153633792,0.10299192490855132,11.5,25.0,103.8191088905619,16.29119884049969,16.28482546059011,16.29036902618091,15.995723341528429
2022,6,22,57.60171057133083,11.407369141293193,34.44974341430038,211.60013684570646,0.0,0.0,13.882586383852207,0.17862333219295243,11.5,25.0,211.38905154218017,21.166069791310296,21.144618498696307,21.14923449293262,20.622975720377976
2022,6,23,60.025035912169095,15.983239619673029,34.480060195635815,201.1640331075997,0.0003747862370887202,0.00033641151925576306,-5.287776181681374,0.22127505301320202,11.5,25.0,200.26932195353248,24.65624187700937,24.647671543375232,24.65181585273714,24.13194253506212
2022,6,24,80.57899780941949,16.718941675794085,34.75746166484118,131.21940032858708,0.0003999178532311062,0.01716737404162103,-11.227683461117197,0.21026286966046,11.5,25.0,130.66666666666666,20.385551067907997,20.38599917366754,20.38997510673461,20.203957410213217
2022,6,25,80.40586060523073,15.18912090921539,34.73510885937286,101.61173490346432,0.00034177735177324387,0.0016647268245926332,-6.62980966726003,0.2025345748322607,11.5,25.0,101.71228308948622,18.803558126797206,18.804911059018202,18.811172607556536,18.603072342599173
2022,6,26,79.59508606329817,14.060010410882843,34.638742365352584,119.50347029428096,3.192670738478623e-06,0.0,4.057606885063853,0.1327859522487507,11.5,25.0,119.24126570114628,17.8890526096613,17.896051657940664,17.90144178010471,17.72989936848248
2022,6,27,83.17821646445952,13.695918842963877,34.63726095003084,90.31722530673795,0.0005886626910686132,0.00622098841592981,-8.072451847282199,0.09163479333744601,11.5,25.0,90.3060420909708,16.70539310439372,16.689566632052614,16.6946753894081,16.624801342086855
2022,6,28,67.0604877380463,12.122864090971367,34.644471845458284,194.34080010960406,0.0,0.0,9.373201808466913,0.10638854637621592,11.5,25.0,194.3005163745074,19.128322372927798,19.11474181666551,19.118816874000974,18.683379637683448
2022,6,29,62.103801675784226,13.684987189252821,34.60522124506613,201.04293331486738,2.077418461325393e-07,0.0,-4.728273665258639,0.11446506474620871,11.5,25.0,201.690118631283,22.362278928052074,22.381341942728803,22.386651530039305,21.86560659348828
2022,6,30,82.99006416890913,13.453400952183815,34.509280342234185,73.24232388049403,0.0008064582902090664,0.005057200027599531,-20.741323397502242,0.21899537707858968,11.5,25.0,72.95979591836735,16.563648657972813,16.498316143969692,16.503607170420263,16.359841536816663
2022,7,1,72.86045565500407,11.444464334147002,34.580010848928666,156.27881746677517,1.566314076484947e-05,9.709791158123135e-05,-19.540683482506104,0.25742609167344727,11.5,25.0,155.5858063649792,16.894338215351233,16.852317274604268,16.856583929800415,16.63910648924193
2022,7,2,65.0028706171827,11.743213040803774,34.683685325678354,173.60187273597157,0.0,0.0,-5.798715057070604,0.14471464698243458,11.5,25.0,173.36565848365657,19.370387533319665,19.369329095557244,19.372506114834522,18.874503253831477
2022,7,3,67.90600326708413,12.22528178600599,34.94650149741356,157.3632589164171,0.0,0.0,-18.51626735638443,0.2739831200653417,11.5,25.0,157.01330991149246,18.668149332970327,18.644248290013678,18.649663508891926,18.292147711749685
2022,7,4,66.61468014381657,11.912339732718268,34.960586120344615,179.5334780544061,8.818940370395496e-07,7.597856319109965e-06,-14.16287904484092,0.19220677023268437,11.5,25.0,179.53049969735693,18.99364832779323,18.974674979558465,18.984509334968656,18.550534256707316
2022,7,5,68.65511811023622,11.44141869222869,34.965354330708664,158.3255049640534,7.531667237247517e-07,6.5046217048955835e-06,-11.573981513180417,0.24265936323176993,11.5,25.0,157.98405157787582,17.775854844231425,17.74944716343834,17.758393775418764,17.385582354906067
2022,7,6,67.6498418374364,11.308825471049374,34.74405171228167,139.6033557970018,0.0,0.0,-13.563883922431577,0.13087195708980884,11.5,25.0,139.51202889661283,17.88193095860267,17.8766066252588,17.88505314009662,17.463342089988085
2022,7,7,74.04357433878876,12.769685104619846,35.16172916235067,92.68420689178924,2.9763137904840826e-05,0.0004822180788619571,-18.645328361301015,0.4795131551688419,11.5,25.0,92.79843417347709,17.536991920447484,17.51912493043962,17.52593436978297,17.369877416303016
2022,7,8,67.59033770469524,12.24493646803017,35.134334443160974,180.58680437589183,0.0,0.0,-4.219202283073996,0.10357409798192566,11.5,25.0,180.61899622234216,18.868424271250934,18.83401133415267,18.840449132869043,18.389883291461402
2022,7,9,70.06157668546871,13.253634165995164,35.255304861670695,166.06117378458234,0.0,0.0,-11.327827021219447,0.33918412570507656,11.5,25.0,166.28453167768208,19.191545124899275,19.15509422492401,19.16217136102668,18.825550125874315
2022,7,10,69.14308724832215,12.001751677852349,35.25342281879195,146.4779865771812,0.0,0.0,-5.439664429530201,0.14654563758389264,11.5,25.0,146.13634849796844,18.097428859060404,18.078751600080846,18.085521996900894,17.684108805322598
2022,7,11,72.76463873220521,14.958539484286867,35.52108514638732,188.47287134031694,0.0,0.0,10.233212463067419,0.11234756916465216,11.5,25.0,188.26894849212704,20.385594950308892,20.343060149868357,20.349290825626138,19.959169158491235
2022,7,12,60.696792414766996,14.15289691345572,35.567413085871834,182.1514356801829,0.0,0.0,-0.9867527402326676,0.07861609844664111,11.5,25.0,182.2954454387605,23.38607020375227,23.37676052542944,23.38279238800943,22.806325501665505
2022,7,13,58.77046311254712,15.54692716747442,35.511645126548196,132.9345718901454,0.0,0.0,-12.617057081313947,0.21689485729671515,11.5,25.0,132.58406666666667,24.517644722670976,24.49711806967602,24.50344913243866,24.05830747034888
2022,7,14,64.22611018363939,13.041139232053423,35.478196994991656,152.38170283806343,3.2721202003338898e-06,3.9933222036727876e-05,4.097762938230384,0.21642070116861437,11.5,25.0,152.1617490696438,20.625517195325543,20.61564581095596,20.622287694683134,20.20236361280181
2022,7,15,63.68726127454265,10.731956041010521,35.4699457213697,169.44736313073778,0.0,0.0,-3.058366280238558,0.1402519600616498,11.5,25.0,169.29992679842948,18.479230047577563,18.450788836583726,18.456637357094824,18.00697994585386
2022,7,16,61.42958364262096,10.899016802753222,35.39030973749916,186.8562656049666,0.0,0.0,1.490653890275997,0.19467372967136784,11.5,25.0,186.43782331205912,19.261047304136582,19.230624576615632,19.23577560628641,18.77716981790031
2022,7,17,55.970973211258055,10.529890132248221,35.42027806035944,190.38670735842658,0.0,0.0,9.89175991861648,0.0947914547304171,11.5,25.0,190.4273406475062,20.72129060698542,20.685753965552454,20.690571311866023,20.072104515683996
2022,7,18,49.20541189016262,12.056633564382832,35.461743535057316,198.1254998667022,0.0,0.0,-6.938216475606505,0.08013862969874701,11.5,25.0,197.53132450331125,25.568819648093843,25.552825564311473,25.55884736877254,24.821945065340966
2022,7,19,42.087615894039736,12.591328476821191,35.68337748344371,210.9598013245033,0.0,7.549668874172186e-06,11.919006622516557,0.19337615894039736,11.5,25.0,210.73643002829132,29.650033112582783,29.6043872728483,29.610291552952138,28.871673077888406
2022,7,20,71.45898939324066,17.004586599907768,35.71052111469794,101.66400948679096,0.00013479148824033202,0.0008652743922524541,-23.186705316555766,0.24772975821859147,11.5,25.0,101.55562818669107,22.686413465972727,22.682457195742714,22.689402459178954,22.369986983526175
2022,7,21,90.55241537955965,16.200693394676307,35.76937232993756,36.48629641800854,0.00030594807755504437,0.004560565231679263,-22.36845218534341,0.2598356884653303,11.5,25.0,36.49915054887611,17.77258297732501,17.770585986421462,17.776567398325753,17.787035115391614
2022,7,22,77.88669821240799,14.095416009463722,35.71759989484753,119.07465825446899,5.842534174553102e-05,0.00019801524710830705,8.16725814931651,0.09508477917981072,11.5,25.0,118.56746005868928,18.365650630914825,18.34696432104465,18.35363354877003,18.118833970386856
2022,7,23,69.55411803934645,14.451393797932644,35.21560520173391,182.2493497832611,3.0676892297432478e-06,0.0,0.2930310103367789,0.06434878292764254,11.5,25.0,181.13126649076517,21.04047815938646,21.012821954484604,21.02093296519411,20.58601927338348
2022,7,24,60.34220096982759,15.475004714439654,35.57886584051724,200.75363685344828,0.0,0.0,-11.969356142241379,0.17742456896551725,11.5,25.0,200.56970912738214,24.67115369073276,24.669664974619288,24.680476209813875,24.12841164702165
2022,7,25,63.30105586741513,14.664382518043304,35.491579791499596,119.36146752205293,0.0,0.0,-29.829390537289495,0.5092388398823844,11.5,25.0,119.48386882634095,22.145601443464315,22.128216586151368,22.13669045222759,21.845367906187516
2022,7,26,72.85164614561027,13.797627141327622,35.815578158458244,97.54356263383298,5.353319057815846e-07,5.620985010706639e-06,-16.9112687366167,0.3001605995717345,11.5,25.0,97.52109494385755,18.87336255353319,18.852687364718616,18.86071638257576,18.64702588826545
2022,7,27,62.04760013240649,9.610818934127773,35.81807348560079,131.18881165177095,0.0,8.156239655743132e-05,9.09301555776233,0.14186494538232372,11.5,25.0,131.56070087609513,17.539422707712678,17.52167994687915,17.530670185922972,17.141026512120813
2022,7,28,57.49759028190401,10.523351158645276,35.768072885719945,118.81019343764441,0.0,0.0,16.40516273849607,0.2108661781210801,11.5,25.0,119.10222658808121,19.51019211725094,19.51266234196068,19.520940987621632,19.11672525602846
2022,7,29,58.88691607154557,12.314820808491122,35.673982834305185,153.975692851995,1.375876302168643e-06,1.729673065583437e-05,-8.105614885671232,0.16052676406997313,11.5,25.0,153.6704567604444,21.225398021358842,21.186304548450888,21.194068325642718,20.67313849961946
2022,7,30,63.34557805183671,13.188891380333708,35.70929235639385,142.15405922310887,1.9785002967750445e-07,0.0,-9.643408296511245,0.08274220141133022,11.5,25.0,142.1141492771636,21.35344654751698,21.349181583988376,21.35770929387674,20.8751585145755
2022,7,31,71.93981178930859,16.525120245719513,35.6811527904849,112.4803947196445,1.1109658868121815e-06,4.9666710233956345e-06,-35.64292249379166,0.48048098287805513,11.5,25.0,112.53211845102506,21.92748006796497,21.919757842236514,21.929090267751672,21.66362841654717
2022,8,1,67.36911080532076,15.274678592490663,35.45108446366555,139.79254308367734,2.817639735272918e-06,0.0,-13.15542887097831,0.1650245724395518,11.5,25.0,139.73414665970773,22.199637638424743,22.178883248730962,22.186765146021493,21.817484301761986
2022,8,2,63.812002652519894,15.46578050397878,35.4159151193634,165.70026525198938,0.0,0.0,-17.823275862068964,0.2587228116710875,11.5,25.0,165.8824110671937,23.319051061007958,23.299500999333777,23.305876615589607,22.868046284272005
2022,8,3,61.270252279837585,16.902107435265926,35.52266524662185,181.91379884177596,0.0,0.0,-12.093989216534647,0.12520069227184985,11.5,25.0,181.62176439514,25.977564401251414,25.96724596074242,25.973940779810388,25.448846977521427
2022,8,4,74.67487487487487,18.31170837504171,35.59606272939606,108.91411411411411,0.00016136136136136138,0.00037657657657657657,-10.838905572238906,0.14343877210543876,11.5,25.0,108.9414217633042,23.343694361027694,23.321613098033954,23.32792212977253,22.9975296268785
2022,8,5,70.63379523745459,13.292457957755953,35.746939324633395,133.68935826718686,0.00023012242701466433,0.004748755549576214,-3.058051930579847,0.28816224942822544,11.5,25.0,133.94289535272483,19.332498990986142,19.308894370480505,19.3159768196256,19.07346237088336
2022,8,6,62.400310579974345,9.004067247316183,35.69975018567281,144.23448788062927,1.350347714536493e-07,0.0,8.143609479440956,0.13040915535750455,11.5,25.0,144.08874429836328,17.085254878131117,17.06071162064989,17.06799453904077,16.720977971123077
2022,8,7,59.75888665325285,10.299403755868545,35.74024144869215,175.8365526492287,0.0,0.0,0.9997987927565393,0.16958886653252853,11.5,25.0,175.72034914712154,19.227817572099262,19.186718560452892,19.193513478905512,18.754919867487665
2022,8,8,64.12279866730128,12.239540354933027,35.81920174066771,166.50628952199634,0.0,0.0,4.609301693071327,0.18980485483103285,11.5,25.0,165.81280258203336,19.898472156116135,19.88301708817498,19.890373342447027,19.46564790935464
2022,8,9,61.3204776283283,13.300807027175404,35.91641504254735,173.5622426571507,0.0,0.0,9.001578369475707,0.21628328300850946,11.5,25.0,174.22689303904923,21.875212050507827,21.852218244406195,21.86078705679862,21.404627882522345
2022,8,10,53.532516172965614,12.803336738168198,35.88076268300988,173.78283963227784,0.0,0.0,12.103166496424924,0.1799605039155601,11.5,25.0,174.27603640040445,24.033990466462377,24.002944231820667,24.009658624931657,23.445038088311563
2022,8,11,47.030867950016884,11.48258020938872,35.70077676460655,175.26957109084768,5.741303613644039e-06,8.503883823032759e-05,15.424451198919284,0.151983789260385,11.5,25.0,175.13525795241915,25.12717190138467,25.10120899273246,25.10750573931943,24.44693893614226
2022,8,12,44.38357908847185,10.7151581769437,35.766152815013406,173.65026809651474,0.0,0.0,15.723592493297588,0.21401407506702413,11.5,25.0,173.43130862883373,25.36670710455764,25.32445177801724,25.33113395743535,24.678918366899506
2022,8,13,44.07059783717609,10.721454125008503,35.76957083588383,172.15030946065428,1.3602666122560023e-07,0.0,14.145140447527716,0.12984628987281507,11.5,25.0,172.05812462026597,25.293040195878394,25.253534076150114,25.259719461343906,24.564550200156322
2022,8,14,46.57673656171026,11.880396147804111,33.60146164879448,124.30810736971519,0.0,0.0,2.44368554060515,0.11082986134826857,11.5,25.0,123.61736898973528,25.413745645789223,25.39149296740995,25.39736819897084,24.725274715393624
2022,8,15,67.03437042946416,16.31459313921021,36.56761069006781,96.3987501662013,2.971679297965696e-05,0.0002921154101848159,3.340247307538891,0.18879404334529984,11.5,25.0,96.55252712357766,22.945902805477996,22.941817637271214,22.949169783693844,22.680121834505634
2022,8,16,64.3494627200211,15.74081416045883,36.71613158415189,114.60926890368515,1.977717713758323e-07,0.0,-11.684356252884172,0.11820555079438327,11.5,25.0,114.58319107025608,23.389615004285055,23.383992212249208,23.391375758975716,22.983310768114908
2022,8,17,81.25859129066107,17.249630115424974,36.59260230849947,71.02393756558237,0.0002998426023084995,0.0040927990556138515,0.8214847848898216,0.0633742130115425,11.5,25.0,71.00742961418143,20.707477046169988,20.70336268646908,20.713121607412763,20.57720216764031
2022,8,18,76.06367878031149,16.8576618255898,36.676677400276006,113.32535979496616,8.543076821975423e-07,0.0,-1.2147598081093514,0.0644509430242492,11.5,25.0,113.26197790705275,21.69921995137018,21.68077937491758,21.691312112620334,21.388501156820727
2022,8,19,84.84736807344296,17.32704709068093,36.676969817053035,84.54368932038835,0.0001621425269136781,0.0006422297074169474,-21.786870087840963,0.18875107324483192,11.5,25.0,84.43447686645636,20.082226405125155,20.072696026490068,20.082890264900662,19.900549592151755
2022,8,20,71.88565584586962,13.609652942728951,36.31076801266825,132.97743467933492,7.917656373713381e-07,0.0,-22.177883346529427,0.21015703351807863,11.5,25.0,132.9052204100347,19.57396278701504,19.552735830294996,19.562511269472985,19.29917243963123
2022,8,21,70.57487377092745,12.938109221365933,36.247408982195054,99.14330321551954,0.0,0.0,-12.56198511825671,0.12226946585171407,11.5,25.0,99.13504611330698,18.841619053946317,18.821282495667244,18.831314024796693,18.587648358274905
2022,8,22,65.37888280683242,14.077559849633978,36.18050517707578,121.59988128998219,0.0,0.0,12.103937215590582,0.08840598826089824,11.5,25.0,121.56870454098683,21.51728681659302,21.499221509359085,21.50972736292083,21.16809839049484
2022,8,23,67.68890786103631,16.161069810205554,36.23602810796611,135.1270769028699,0.0,0.0,-13.19550797924739,0.16017468969593485,11.5,25.0,135.11515111952477,23.091771195902016,23.079246476090105,23.089231590040836,22.737573107297806
2022,8,24,66.74701733570627,17.162707138619734,36.17737789203085,134.35060312438205,0.0,0.0,5.407158394304924,0.06295563904818403,11.5,25.0,134.27659435013436,24.69394964076198,24.659132420091325,24.666486235192906,24.272160557080618
2022,8,25,61.75807414284767,16.10423834471782,36.05272232906692,130.52569799058293,0.0,0.0,-1.1722262749519199,0.2095569998010478,11.5,25.0,130.78939044481055,25.323918694873665,25.31856476856477,25.32591645021645,24.8813901536994
2022,8,26,75.95585916973201,15.915723200210195,35.96814240672622,64.69186810299527,0.0,0.0,-9.243300052548607,0.2547346295323174,11.5,25.0,64.49719321148825,20.362504598003156,20.34806044174051,20.355732872635897,20.22278981179939
2022,8,27,69.42961656541904,12.968792213730485,36.32262068064537,72.47579854987262,0.0,0.0,3.3244496701286823,0.11455353060291332,11.5,25.0,72.5235987240414,18.884261545496113,18.874746719160107,18.88200787401575,18.637305933059583
2022,8,28,60.72633637548892,11.29991264667536,36.22783572359844,132.23259452411995,0.0,0.0,12.133963494132985,0.2720977835723598,11.5,25.0,131.87772074589046,19.448194263363753,19.416258879242303,19.423084254143646,19.090154133666108
2022,8,29,63.05675146771037,10.932054142204828,36.291715590345724,113.07195042400522,0.0,0.0,7.639595564253098,0.14451663405088064,11.5,25.0,113.19332207353514,18.58883757338552,18.56220524590164,18.569177377049183,18.212439464375393
2022,8,30,62.08002081842431,13.026270249170516,36.209550452150154,125.51733784399194,0.0,0.0,10.303688764556632,0.251212673215796,11.5,25.0,125.34010910507858,21.107621495023096,21.084988848071372,21.09177869981632,20.754638870415423
2022,8,31,62.06818476709485,13.236379914363566,36.192033216556375,119.461139224082,0.0,0.0,17.730050603347607,0.26480796678344365,11.5,25.0,119.39018706712409,20.953030362008565,20.924171133481497,20.93152464374428,20.59157841956527
2022,9,1,54.19315387601915,10.42960528018636,36.113692247961694,123.96544583926492,0.0,0.0,18.68616539407273,0.16988287821923126,11.5,25.0,123.59078329149771,20.692715801734177,20.648589133128954,20.65735558671972,20.216641611769788
2022,9,2,50.15829064263018,9.957995590428636,36.04532779975358,121.80312560793723,0.0,0.0,23.257052071850076,0.1818092211918812,11.5,25.0,121.55455190657462,21.80204202062123,21.78732224396608,21.795293281148076,21.34821488250605
2022,9,3,63.03540226887469,13.623370713261181,35.9313469813535,95.42397965836484,4.185682618333551e-05,0.00024312165862563567,3.269070282957361,0.0866553657582475,11.5,25.0,95.13470865938045,21.264013561090103,21.254103687238494,21.262758989278243,20.869162242784814
2022,9,4,64.4698960580506,13.480400078446754,35.80499444335491,118.0436033209126,3.922337713277113e-07,0.0,-9.307053670654376,0.19812577629600575,11.5,25.0,117.59300435602367,21.587910047721778,21.567980699796493,21.574812413838377,21.17490529363847
2022,9,5,62.539156229400135,13.978745550428478,35.441199736321686,102.97811470006592,0.00021094264996704022,0.00026031641397495053,5.4479894528675015,0.19515293342122608,11.5,25.0,103.00032709668979,22.40513711272248,22.37563774834437,22.382587152317882,22.02070050666492
2022,9,6,70.91900782946246,15.749151917889334,35.37226133298243,114.27593920652674,9.474307520231594e-05,0.005066846503059412,-2.2361339561813276,0.17436212908743998,11.5,25.0,114.34467445960948,22.014772024475295,22.02289571201694,22.027199444150344,21.732641538213596
2022,9,7,71.68595373784781,14.87825410660409,35.4520281595709,99.94535702313108,1.763325511230305e-05,5.303385853167952e-05,-8.208984244049615,0.21786925913509889,11.5,25.0,99.68260494727767,20.67530673818304,20.664340777613347,20.67183485806538,20.397747888445195
2022,9,8,85.51840203426124,14.687056343683084,35.346292826552464,77.63256156316916,0.0006527703426124198,0.0055883297644539615,-6.614427194860814,0.22466943254817986,11.5,25.0,77.2641870912334,17.30841341006424,17.2943561827957,17.301243884408603,17.206521106852584
2022,9,9,86.98242033184093,13.942172109560179,35.233473795101396,62.32249144061101,5.8138003687121414e-05,0.0007085198841190414,-13.08170924414011,0.4277706083750329,11.5,25.0,62.28218210361067,16.182445351593366,16.180377970477263,16.18691123320315,16.135096783768617
2022,9,10,89.70570846745056,15.057310648361034,35.09479077711358,42.85489062602641,0.00024430138606056626,0.003023385666425803,-23.800105104118767,0.3370597122774749,11.5,25.0,42.89297593425944,16.761826184063587,16.762910192257046,16.769388398735842,16.754769359919056
2022,9,11,83.60162119414788,13.656329906418874,35.59252669039146,99.11032028469751,3.7564254646105183e-06,1.0544352181362858e-06,4.426321339132727,0.03747858178463161,11.5,25.0,98.7571943625041,16.840788190325558,16.82876530139615,16.84069814067359,16.700000242165224
2022,9,12,73.21647560650493,13.012997867235404,35.42788589709411,110.14229538789657,8.664356171687551e-07,0.0,1.8693681684884031,0.06803319114902692,11.5,25.0,110.02319570548082,18.688847640629163,18.669251286850727,18.681871047529913,18.40491433162419
2022,9,13,82.51726423222215,16.330738948903175,35.26071972960435,48.04400556696932,0.0002197627410696534,0.001034661011332759,1.2780170985486117,0.02066604811452051,11.5,25.0,47.83014149391247,19.578741467294055,19.57562699680511,19.58657461395101,19.355912180718647
2022,9,14,96.33520549755518,14.333013743887934,35.37716400158583,17.50977930487644,0.0005967358266155676,0.009901347958239725,11.054843398969208,0.07608431346636713,11.5,25.0,17.482541762201112,14.889988106250826,14.881778059691529,14.893098985110502,15.023273752225442
2022,9,15,83.0638102122626,11.93133534862325,35.474469343497404,60.9865282250115,4.468686337648682e-06,3.0492212656896892e-05,-11.351777617138726,0.11858513504632977,11.5,25.0,60.824679571017526,14.973775382795557,14.966359680928209,14.978247478409914,14.908955089221909
2022,9,16,85.80309441946575,9.86290002644803,35.68183020364983,59.08119545093891,0.0004929251520761703,0.004221171647712246,-28.13257074847924,0.3098142025919069,11.5,25.0,59.101703835273995,12.206692673895795,12.201735465887975,12.215364381470668,12.204460063020116
2022,9,17,91.4285523771421,10.17935453757418,35.56991398279656,65.48723077948924,0.0010314729612589185,0.01067586850703474,-31.507101420284055,0.3292718543708742,11.5,25.0,65.59688535453942,11.564834966993399,11.553006163741124,11.568387042744204,11.61420901393838
2022,9,18,87.14459036064262,9.742123858409439,35.756949536697554,49.06659556029598,0.00032111192587160856,0.00382194520365309,-23.99420038664089,0.3243970401973202,11.5,25.0,49.01141870809268,11.978596093593762,11.970716535960856,11.986274214089416,12.035457259599564
2022,9,19,82.42958311063602,9.427715125601283,35.82923570283271,77.88796098343133,1.6702298236237305e-05,0.0001127739176910743,-17.644040619989312,0.20920697487974343,11.5,25.0,78.07799867461895,12.626895376803848,12.6158102581294,12.62908491451559,12.598971679307532
2022,9,20,83.95906550865145,9.866517875176733,35.66148252878207,58.541776072173974,1.1378172759711844e-05,9.614219349626338e-05,-8.074126439103212,0.0672362485693126,11.5,25.0,58.47179521454351,12.693952736820844,12.684178359417162,12.696587290879654,12.656062199015704
2022,9,21,80.4171470706529,7.565754122536533,35.72469499932967,78.56247486258212,3.2175894892076686e-06,1.55516825311704e-05,7.078428743799437,0.04033114358493095,11.5,25.0,78.69578554281142,11.310870760155517,11.292928288191412,11.30514214664964,11.264940174339122
2022,9,22,74.72219994653835,6.948337342956429,35.882117080994384,89.98135525260625,1.0692328254477412e-06,8.954824913124834e-06,3.570168404170008,0.06678762363004544,11.5,25.0,89.71034482758621,12.154014300989042,12.124152502519316,12.13718904937857,12.05754022337308
2022,9,23,82.06493247288937,9.974586521189542,35.874326392122946,54.13738274233251,1.0644667686780654e-05,8.515734149424523e-06,-6.689375291065132,0.06301111037189808,11.5,25.0,54.11406466970839,13.226290998602888,13.220003334444815,13.23217872624208,13.14414430979408
2022,9,24,96.31222317710055,12.241456997421828,35.917895154359755,19.584980498446487,0.00046664903814371656,0.007478349970251867,2.7842268790903684,0.058015469028888746,11.5,25.0,19.571907233427503,12.79162623124215,12.791162790697674,12.801981229235881,12.929894971298038
2022,9,25,83.77113211288084,9.722665388936619,35.989359592888775,61.47022668693411,6.014143149824863e-06,9.979512259599497e-06,-6.9805696913621045,0.08268984204613046,11.5,25.0,61.471897570584375,12.645227017381535,12.627356687898088,12.639283306794054,12.630748087238535
2022,9,26,92.52774108322325,9.939036988110963,35.849009247027745,25.781770145310436,0.0007222589167767504,0.004674504623513871,-22.0,0.43840422721268163,11.5,25.0,25.72952218430034,11.104971598414794,11.099120653039554,11.111691498539953,11.207382772948213
2022,9,27,92.15785628901581,8.510085004648692,35.62405365918449,47.25806880063754,0.0009754283437375482,0.010689733032275203,-24.895670075707265,0.24976557311727984,11.5,25.0,47.16300981748699,9.763534998007703,9.758278874366498,9.770912810082688,9.879471103267713
2022,9,28,90.56577798670338,8.120130280034921,35.575851185279696,46.03941978376201,0.0001085219259955678,0.0032639849573567925,-11.750184675307233,0.11590826673829831,11.5,25.0,46.08665649260168,9.670956282318178,9.659036128336478,9.673058742248585,9.755979500130547
2022,9,29,86.14695460319582,6.639110784248178,35.60700675269105,58.26616300060172,5.883532794009493e-06,3.436518018319182e-05,-4.20057498161396,0.034291636023266694,11.5,25.0,58.49946998807473,9.095774553720666,9.077530682046811,9.090142914626787,9.143376221926834
2022,9,30,80.73868312757202,7.700921279702642,35.51108456126377,64.71565113500597,0.0002013142174432497,0.00021505376344086024,-7.574538696402496,0.2564436479490243,11.5,25.0,65.21129913742016,11.209989380061065,11.178005633047212,11.189719688841203,11.17839581875238
2022,10,1,84.24732326926913,11.731725078140588,35.62213207421693,58.02128084059321,0.0004131143180155616,0.012669016426148831,-25.342422025670015,0.543837201569462,11.5,25.0,58.00402986060646,14.54049610959633,14.542928853490395,14.554392544006426,14.510166062965736
2022,10,2,92.1090288467974,12.041523325078643,35.54956160899538,32.11324543203266,0.0002757512884010441,0.00509939093768824,-23.927314102135064,0.18064453517167528,11.5,25.0,32.07327443034611,13.3054166387792,13.301534228187919,13.314230167785235,13.291794110284064
2022,10,3,88.20646415878764,9.044299604372025,35.42613826862469,50.13592167907195,3.4868906323342052e-06,0.0,0.5702407295648092,0.03442365721182861,11.5,25.0,50.391605135368856,11.095198149265741,11.082216987481491,11.094690806299637,11.00925743635983
2022,10,4,83.57855711422846,10.012094856379425,35.422110888443555,69.91730126920508,2.3380093520374083e-06,8.283233132932532e-06,-7.4986639946559785,0.16196325985303942,11.5,25.0,70.02722805153407,12.969716098864396,12.93683881379867,12.94807296079618,12.86034344617547
2022,10,5,78.8624448308145,12.726234452320448,35.414671659756586,53.21820248762873,4.640898756185636e-05,3.96549418215862e-05,-20.949645579777986,0.5696796843653872,11.5,25.0,53.17237708735281,16.492427444162097,16.49027178311303,16.501056008902076,16.412445510022206
2022,10,6,76.31994618230743,8.42366363942146,35.17975109317188,65.13185334678775,7.399932727884291e-07,0.0,-22.954927682475613,0.2223874873864783,11.5,25.0,65.04113418530352,12.84501177262025,12.810462831198754,12.82155624449414,12.704602131367897
2022,10,7,79.54592894895296,8.313950625543587,35.039606610022076,63.558640529872214,3.3451528734863184e-07,0.0,-13.107513213353851,0.1868916839499565,11.5,25.0,63.44264256280739,12.096676256104903,12.052358090364285,12.061253316275,11.976351048471479
2022,10,8,80.28953184649387,8.421621458710066,34.87127452950238,57.778715424285046,3.630031478132744e-05,0.000846962695063961,-19.55100127252026,0.22341638202397696,11.5,25.0,57.677037627975004,12.035808720112518,12.009981149858625,12.020373771374715,11.953754714218393
2022,10,9,79.12013445378152,6.236351596638655,34.99475630252101,61.90406722689075,5.378151260504201e-07,0.0,14.516436974789915,0.11751663865546218,11.5,25.0,61.83958110992529,10.2067912605042,10.181376772451047,10.192058710330857,10.14711161332208
2022,10,10,86.12260741533932,8.900675946995047,34.95770311872574,42.252509704189535,2.074688796680498e-06,1.3117387230625085e-05,-8.164837371168518,0.1352369160754919,11.5,25.0,42.259786003854586,11.317059295944318,11.276384568773986,11.28807732444624,11.238928454992257
2022,10,11,84.04118360744135,5.81693246157994,35.0076166082502,57.066931787543815,1.6176867080075492e-06,0.0,7.790779185764357,0.05093084389323268,11.5,25.0,56.89401229617749,8.734361687786466,8.706019621109608,8.7201949932341,8.707241165311231
2022,10,12,85.48089751364463,6.8916238797924665,35.03443164207264,48.21689913078634,1.6171417020416414e-06,0.0,-4.227141028232599,0.04963749073512566,11.5,25.0,48.48111504779731,9.438700896166027,9.420462110960758,9.433183254397834,9.396441759262517
2022,10,13,91.67216997090466,11.512674064551051,34.969686717639895,17.540699641383043,5.825833953582786e-05,0.000661885107246769,-8.872860139386969,0.07653494823736381,11.5,25.0,17.635487755921318,12.834559848433587,12.831241407472946,12.84329578710951,12.834345699584837
2022,10,14,94.0306877588431,13.54760676216987,35.02885464050512,28.095661619933466,5.431461742141354e-05,0.0006524543417747301,-6.339262679068504,0.09072985267160023,11.5,25.0,28.16858006042296,14.498129540362552,14.503872102649007,14.51652431705298,14.515518547875276
2022,10,15,90.13325686525876,13.051547129073612,35.066527224883615,40.40192969435261,3.4680520882531545e-05,0.00037973146211456717,-9.568247756561636,0.22002496457728898,11.5,25.0,40.248745567672444,14.707267390864315,14.701211298207497,14.712810598859315,14.697806959532862
2022,10,16,85.57390648567119,12.652019059372002,34.97147950089126,34.756410256410255,9.125188536953242e-05,0.0004338406691347868,-5.392636774989716,0.13448169477581243,11.5,25.0,34.78418094399675,15.192432469491294,15.188517673099536,15.199071557031196,15.111596416268934
2022,10,17,94.01705330019331,15.3754826014913,34.84141121237227,18.534935100800883,0.00011723280861640431,0.0015159486329743164,-5.680129798398233,0.08132698149682409,11.5,25.0,18.59868287052753,16.335477078155204,16.335099868684775,16.347582210242585,16.327696749602598
2022,10,18,86.95808465390684,13.011744529052619,34.657817109144545,51.74377443918502,4.459079371612815e-06,8.780956301022158e-06,4.240927488509295,0.035808465390683955,11.5,25.0,51.71090528023798,15.347812307059066,15.326773793957745,15.339912497419311,15.219499931732159
2022,10,19,86.71337064257298,10.286207268559098,34.6266603735419,44.18205110916324,3.371316836356281e-06,0.0,26.60191490796305,0.2486730496932102,11.5,25.0,44.00595516895283,12.546250421414605,12.529627692098648,12.541074427610571,12.49879869970786
2022,10,20,89.53036986766203,13.539968781812012,34.96749236511707,40.64927044451985,0.0001624703087885986,0.002118289786223278,16.21384458771632,0.16651102816423483,11.5,25.0,40.48781308914624,15.30782151340346,15.305531594441021,15.316167625111248,15.258133751899774
2022,10,21,85.176393847844,13.880244438341116,34.94362812414172,46.77348255973634,3.8519637462235655e-05,0.0006710381763251854,-2.243751716561384,0.20677492447129908,11.5,25.0,46.84537414965986,16.473591733040376,16.46733707709373,16.4767966583472,16.37767752703827
2022,10,22,85.43335621139327,12.88962663006177,35.048318462594374,41.81352093342485,6.863417982155113e-07,7.549759780370625e-06,-9.669389155799589,0.1874646533973919,11.5,25.0,41.79847494553377,15.415621825669183,15.406533867292687,15.417254919560865,15.31772284478354
2022,10,23,85.10181719186006,13.4472156809365,35.41686517389233,28.199414687266046,1.259102974205404e-05,4.2809501122983736e-05,16.679915606070917,0.20223303613965832,11.5,25.0,28.168202764976957,16.04482338528551,16.03789672717272,16.046600694444443,15.978556095778329
2022,10,24,81.41099458496127,12.613183905682362,35.04242922750017,28.252176297210227,0.0006149838919734046,0.0036221810953458084,-26.515182671876072,0.6600562067310988,11.5,25.0,28.211049799032633,15.914266227979986,15.909181290590023,15.919650891253282,15.875386289208235
2022,10,25,86.01513162440406,11.739915705106059,34.908035652594485,38.71125544116631,1.8655427347474608e-06,3.420161680370345e-05,-12.66157672908174,0.24701236785738964,11.5,25.0,38.610639463234286,14.118093000760036,14.109058938003892,14.119160446205171,14.047025919238253
2022,10,26,84.0397212543554,13.291007665505226,34.97881533101045,40.35184668989547,2.6480836236933796e-06,7.10801393728223e-06,-5.623414634146341,0.20049268292682929,11.5,25.0,40.38724107081412,16.090386759581882,16.06018968666573,16.069852114655053,15.969872945763663
2022,10,27,79.69466915577681,13.822303118301873,34.992809237364305,37.35200165940676,9.679872778814907e-07,6.077577266127359e-05,13.926778676623107,0.19685749844430617,11.5,25.0,37.38262299575168,17.52883979810551,17.525116327960756,17.52934400840925,17.40169222326559
2022,10,28,80.65187529459295,14.247366507305907,34.57531479361659,40.996565887819,3.366776648037169e-07,0.0,-3.9856575314793616,0.14756986061544677,11.5,25.0,40.97555585320118,17.823900747424418,17.802422124194095,17.808143807261622,17.65268788734306
2022,10,29,82.70167255280869,14.098349436929432,34.30105950556407,34.1854467914973,7.329912707403211e-07,6.663557006730193e-06,9.98713933497701,0.04670087292596788,11.5,25.0,34.15428269763759,17.3095048977144,17.29518255033557,17.30240080536913,17.15433207315436
2022,10,30,86.05380109083563,12.648162413305501,34.5775368662043,35.322065854151234,0.0,0.0,-7.170964918187328,0.04495589522591071,11.5,25.0,35.26357880706431,15.129620900949432,15.115861859017725,15.125116290082534,15.019448848667299
2022,10,31,87.85318486113873,12.403417511765095,34.65765228342281,37.48757208192484,2.253595810963081e-05,0.00019400808643202757,17.24000795386757,0.15160402995956784,11.5,25.0,37.55541677622929,14.479363027772253,14.484473455178415,14.493221965588805,14.437662159871461
2022,11,1,70.80509754976023,9.95595217762596,34.805031859686004,37.176115089010054,3.941404453787033e-07,8.539709649871904e-06,-19.111213295671025,0.9174880115614531,11.5,25.0,37.16303354653439,15.256853445444392,15.256468190323444,15.264497861534348,15.223492679096498
2022,11,2,73.03008605399724,8.271690862510674,34.6274715890429,33.14681731590357,3.941404453787033e-07,1.353215529133548e-05,-19.248505550811274,0.6113584707350719,11.5,25.0,33.00801355137143,13.046400183932208,13.0385408729363,13.046587026268298,13.026037061292694
2022,11,3,83.95445781530483,9.653509075194467,34.76185094076192,16.672894089488732,0.00017006847948939567,0.0012646765507612527,2.1896815371318397,0.46278305963699223,11.5,25.0,16.614854215918047,12.333955853999068,12.336635300443607,12.34230390509477,12.343478014047587
2022,11,4,92.19828748651564,8.266900620280474,34.844120819848975,23.493594929881336,0.00012001078748651564,0.001617651024811219,-7.571399676375404,0.10156553398058253,11.5,25.0,23.36845257903494,9.474734358144554,9.47007578833401,9.481138652050344,9.440536390512925
2022,11,5,88.27728396711889,6.42530775913921,34.94787141615986,27.86199291585912,5.948005079195349e-06,0.0001243066230034084,-9.849896411147498,0.3161424847958297,11.5,25.0,28.05228584699091,8.314647463743903,8.301420090400054,8.311631552317344,8.325367475612225
2022,11,6,86.03028897136798,7.907006230116649,34.61399787910923,13.72746553552492,0.00025212089077412513,0.0022906283138918347,3.2710763520678685,0.6156362672322375,11.5,25.0,13.766502463054188,10.159760074231176,10.169496311200536,10.178102146210597,10.194112124547283
2022,11,7,85.06011475847345,10.747003602882305,34.74639711769416,22.935548438751002,3.269282092340539e-06,9.407526020816653e-05,-15.474579663730985,0.5869882572724847,11.5,25.0,22.818866428854538,13.223196557245796,13.248024390243902,13.254477608401084,13.258676899322493
2022,11,8,77.95264346439957,9.894317879914984,34.82810839532412,26.252324654622743,0.0,0.0001884962805526036,3.788124335812965,0.5555353347502656,11.5,25.0,26.25855915399868,13.725186636556854,13.746901929152383,13.753393560529677,13.746284357935068
2022,11,9,85.0560016057808,9.662828850528571,34.826508764886924,21.8158035594808,9.099424595209421e-05,0.0012041348855881173,-24.28301886792453,0.4750240867121638,11.5,25.0,21.764784141555246,12.129975913287836,12.133676351351351,12.143200506756756,12.127383817702704
2022,11,10,86.29594658393471,8.451094624671208,35.02576380926688,28.919336345855534,4.046671612598638e-06,0.0001954542388885142,-16.06191407567276,0.3416699264854657,11.5,25.0,28.89879437374414,10.741593714170094,10.73412815269257,10.743573108384458,10.731797140763462
2022,11,11,88.95044378698225,6.830484803657881,35.25363098440022,25.734265734265733,2.0172135556750942e-06,0.00016393222162452932,-3.917832167832168,0.11706966110812264,11.5,25.0,25.554630800985418,8.665626008606777,8.644484905915798,8.653484838229323,8.624829033166373
2022,11,12,90.7138226754001,6.809521912350598,35.21250590856911,28.6893105543926,3.8490107367141605e-06,0.00016327908704166387,1.6608818961442366,0.015385913971233709,11.5,25.0,28.542715917440386,8.370887298264568,8.350569585879159,8.36075027155465,8.325331910264765
2022,11,13,90.2542234332425,5.508220708446866,35.2200272479564,27.842029972752044,4.0871934604904634e-06,0.00021123978201634876,4.888487738419618,0.013914850136239783,11.5,25.0,27.879940744730995,7.162699591280654,7.129838864509051,7.140533221338453,7.110172911813632
2022,11,14,92.75032500855286,3.950385904892234,35.29893944577489,17.068764967499146,6.5685939103660625e-06,0.00016749914471433458,4.925350667122819,0.12035443037974684,11.5,25.0,16.992143582797155,5.046285323297982,5.035146331409727,5.042502335806541,5.037186062416461
2022,11,15,90.19072722357394,9.887665585293322,35.01635577183023,17.904163287374967,0.0003294133549608002,0.0011497702081643688,15.91551770748851,0.23932887266828873,11.5,25.0,17.83823037279968,11.476809948634767,11.481436065127053,11.485554022753595,11.481327702091424
2022,11,16,92.02826451829473,9.17869822087949,35.044444444444444,19.74790198053038,0.00041470292044310176,0.0018312856663309836,19.33279624034911,0.36366364551863045,11.5,25.0,19.786696790484417,10.435869083585095,10.437005420054202,10.444666700542005,10.424231139092141
2022,11,17,86.59714247563093,8.461973561223127,35.532247296034186,20.310321805314462,0.0002503004406462812,0.007056149018560555,-9.57317398851649,0.7382774736279877,11.5,25.0,20.26574907358391,10.640782480972094,10.651988252768026,10.658478834728598,10.66056926836349
2022,11,18,92.55406051499214,7.709403046240011,35.523188306809644,12.653234068711154,0.0017509732941738952,0.009670104501058673,-11.744689570384537,0.18474147940714433,11.5,25.0,12.62770913510229,8.855226418960454,8.858912714776633,8.867293402061856,8.863820940068727
2022,11,19,97.52126200274348,4.476936899862825,35.68573388203018,5.388614540466392,0.0004775034293552812,0.008462688614540467,10.350205761316872,0.08393964334705074,11.5,25.0,5.350071152673308,4.813971879286695,4.809794800693241,4.818987729636048,4.838609200138648
2022,11,20,93.9162236870083,4.7629257920476284,35.65716918279113,10.5630448649798,9.596711319016232e-05,0.0015782833652278688,-16.83046282514707,0.2904302218442129,11.5,25.0,10.642812083829817,5.671032674179602,5.676197875828641,5.684203685223466,5.689242872585359
2022,11,21,92.79867164798672,5.63925695309257,35.678220561782204,16.21163691711637,0.00022498962224989623,0.0029111664591116647,6.981181679811817,0.2704040404040404,11.5,25.0,16.315615760159528,6.726280614362806,6.726326304106548,6.734258011931188,6.764718360016648
2022,11,22,90.23345903325334,5.5754796023311615,35.131025025711345,11.051696948920123,4.758313335618787e-05,0.00121638669866301,-6.630579362358588,0.5909550908467603,11.5,25.0,11.047628781684383,7.0722913952691115,7.082968210089842,7.087760297166551,7.12658238984105
2022,11,23,89.45894881484026,6.565475094469255,35.26341463414634,13.961525249055308,0.0003185159738921333,0.004047062864994847,-5.652696667811749,0.5285860529027825,11.5,25.0,13.960890041635384,8.212180693919615,8.22363332869662,8.226044721101683,8.25912013750174
2022,11,24,84.77416678191122,6.99216636703084,34.948416539897664,19.9347946342138,1.3137878578343244e-06,0.0011610427326787442,-11.358387498271332,0.5745484718572812,11.5,25.0,19.922754737709422,9.442291522610981,9.470306726836837,9.471913129318855,9.48859274312509
2022,11,25,91.62183303336563,7.12020490101066,34.796414232313445,18.539111172642947,0.00026470995431261246,0.0067832618025751076,-17.914439983386405,0.24764363837740552,11.5,25.0,18.64314101685624,8.447808389865706,8.435188343000908,8.442412362848557,8.42756723691383
2022,11,26,92.86819603753911,5.409306916927355,34.62419186652763,21.173931178310742,7.78588807785888e-06,0.001192075078206465,2.581647549530761,0.20410983663538407,11.5,25.0,21.328773714599944,6.502908585331943,6.492283387164725,6.4992248279736,6.516646039043323
2022,11,27,86.93867471532447,5.501567430374537,34.999657017423516,8.540471944025244,0.00012820688709013582,0.0023902455755247633,19.830223624639867,0.2940519961585951,11.5,25.0,8.540353260869566,7.542605981616134,7.542701955635409,7.548874127565476,7.538149980236335
2022,11,28,94.30457344495953,7.659907977582509,35.28824465508891,14.921192831938006,0.00021158237044212276,0.0053632463848335985,-11.986715560783228,0.14050716114301529,11.5,25.0,14.952491626221889,8.521364422611223,8.523428391696372,8.525928671279793,8.508095673306773
2022,11,29,96.40601711288987,5.625496825834944,35.54195418161744,13.754692243996688,1.3800717637317142e-06,0.001280154568037538,-5.64470052442727,0.02557134971018493,11.5,25.0,13.81838014725934,6.140908777256418,6.129326655537006,6.14014245965498,6.156682828185866
2022,11,30,97.0923939372967,5.195297252405011,35.696449581285904,12.17198422036127,1.1073430687244793e-06,0.0011771056820541214,-3.3261817426811544,0.029964703439684406,11.5,25.0,12.197918093411861,5.599351512215378,5.5958133240805,5.603717002081888,5.650050369743234
2022,12,1,91.91508133443617,4.4466328921974085,35.5971188309898,7.019575406672181,1.5853322304935207e-06,0.0012406947890818859,4.115246760408051,0.10747518610421836,11.5,25.0,7.029671760433084,5.663569754618142,5.656838148277062,5.664010650887574,5.6642685844065435
2022,12,2,88.78008945513689,2.004034291135809,35.27866630523177,2.970249390078612,3.3884521550555707e-07,0.0012588777446462453,16.347316345893194,0.33563092979127135,11.5,25.0,2.977569083170056,3.6893053673082137,3.6776276996914636,3.686002365443949,3.6880044524511484
2022,12,3,86.65133007600434,0.0950780401737242,35.27680510314875,6.997557003257329,0.0,0.0010944625407166124,22.601316503800216,0.2881765743756786,11.5,25.0,7.015460437483122,2.1033156894679697,2.0948788335158817,2.1028853368017524,2.1313005512276835
2022,12,4,89.5116485013624,-0.19660490463215258,35.26975476839237,4.153882833787466,6.880108991825614e-06,0.0010790190735694822,20.821866485013626,0.2329448228882834,11.5,25.0,4.1432050328079555,1.360858991825613,1.2863704164077068,1.2948636834472755,1.2921847345936053
2022,12,5,97.34034747698485,2.3634436215131167,35.25057105281373,6.390254031978958,0.00035336055928566486,0.006720149512009414,0.30705336748113793,0.015349899633141827,11.5,25.0,6.41152602984664,2.729437945594241,2.7280696378830083,2.7384054665738162,2.745731882311978
2022,12,6,92.5958481775829,4.235331597698,35.298643463962726,15.525828994244998,9.043573581803234e-06,0.0007537681556590846,-14.324540970128803,0.06837421211290765,11.5,25.0,15.604697072838666,5.363863387229378,5.3607536332179935,5.370289342560554,5.3881940391003464
2022,12,7,93.699401523395,3.6127455114254623,35.24449129488575,15.014349836779108,4.624591947769315e-05,0.0005193144722524483,-26.616770946681175,0.13564812295973885,11.5,25.0,15.191224049609058,4.546898122959739,4.541954203691045,4.551635645933014,4.5715807853725225
2022,12,8,92.36638196105227,1.7141708233686368,35.22282200204988,14.301605739665186,1.578407926204305e-05,0.0002717458148274684,-29.2707892039631,0.24794123676118893,11.5,25.0,14.308432102946156,2.8593501879057053,2.8575921493537577,2.8665930041715106,2.8768859962075495
2022,12,9,96.09819405342306,-0.8742312710293209,35.11618485202225,4.744901462610726,3.7766943624253243e-06,0.0004947469614777175,-0.9366888690517063,0.03539105953443659,11.5,25.0,4.754507722664489,-0.3296353773261004,-0.334447517632416,-0.3237857142857143,-0.3273473688464251
2022,12,10,95.93787492242984,-1.1998600289595256,35.34978969868303,7.87133696476591,7.58463766117355e-07,0.0,-22.974143280700545,0.1868923670964628,11.5,25.0,7.900123051681707,-0.628073502034062,-0.6346092393192081,-0.6234602639805488,-0.5878492003170247
2022,12,11,89.56596187175043,-0.8916409012131716,35.393483535528595,8.032512998266897,4.020797227036395e-06,0.0002591334488734835,0.8098440207972271,0.11528249566724437,11.5,25.0,8.106645634730128,0.6499223570190641,0.6454253532950889,0.6557347838253813,0.6385704385565971
2022,12,12,91.6797466611593,-3.6960553490293266,35.47480380008261,14.726559273027675,6.884207627702051e-07,0.0010707008123365,6.32693102023957,0.05053077240809583,11.5,25.0,14.731883563978458,-2.4790389646151727,-2.4865459686874956,-2.4762625698324023,-2.434639110537244
2022,12,13,88.13700048312514,-4.936877631306508,35.856856925943816,13.974394368141349,0.0,0.0007503623438470564,19.815791289944094,0.09344606253019533,11.5,25.0,14.020773344302755,-3.186121195389606,-3.1889858588659363,-3.1817631706640785,-3.103490888352669
2022,12,14,86.54194343628022,-5.223665000342395,35.83503389714442,14.71197699102924,1.1641443538998836e-06,0.0010451277134835308,-0.10408820105457782,0.031780456070670406,11.5,25.0,14.757090514316733,-3.2305122235157158,-3.2362838301964554,-3.2270197829372167,-3.1492111180519093
2022,12,15,88.53291253381424,-6.080826108066866,35.85572587917042,15.677949642782826,6.242630228202816e-07,0.0012777970451550253,-1.7560518831934522,0.017178331136852326,11.5,25.0,15.815443856150726,-4.358829853645003,-4.366049888827126,-4.3548950111172875,-4.266802602394858
2022,12,16,92.71132088568058,-2.3844540848198794,35.8363989727216,15.392864579718193,4.372874297216631e-06,0.0010191573540639966,-1.5856181023113765,0.047504685222461304,11.5,25.0,15.508514144465806,-1.3294363850905808,-1.3331242587036907,-1.3221050722109817,-1.2921047044921579
2022,12,17,96.18322571686454,-5.71235020481844,35.90258973824898,10.386516697910158,1.3885995973061168e-07,0.0013629105047559536,8.145733527737278,0.04256960355481497,11.5,25.0,10.389007360528307,-5.196534055405124,-5.199175379896835,-5.189073051721734,-5.079851625428692
2022,12,18,90.51697455559429,-4.538423143952596,35.93893342628093,9.60411293133496,4.015336354130359e-05,0.0005360752875566399,16.4897176716626,0.1481317532241199,11.5,25.0,9.603170208347754,-3.149252004182642,-3.1490265238995034,-3.1405000699839034,-3.0695850034898386
2022,12,19,84.78566006486786,6.5337809674970675,35.6686909116003,8.017528120902629,0.000250293285487544,0.005329238837899386,-9.352563660202884,0.8826471603063971,11.5,25.0,8.011395428181508,9.04320129735698,9.07557446210097,9.07991618619041,9.108811362325973
2022,12,20,90.19303841353488,9.154655387602274,36.0623353210373,7.465816114269866,0.0009213701289696297,0.006853002357509361,-11.458951601719596,0.5365746775759256,11.5,25.0,7.455774377273039,10.740832755512413,10.751182795698925,10.758335349462365,10.787975571448783
2022,12,21,96.09304760575178,8.106722741867932,35.934315231048444,13.23823816836521,0.00017220438363814045,0.0023170459304760575,-8.18504816417702,0.20037344687979897,11.5,25.0,13.218966953623994,8.675134022057797,8.676735023526932,8.685159351078024,8.684872882295105
2022,12,22,96.95150466966447,9.361694915254237,35.7844344517468,9.656035973711518,0.0004682116914562435,0.0075975095122794885,-19.006157039086823,0.22648426150121065,11.5,25.0,9.629504582098807,9.797282601176065,9.798484722222222,9.810691493055554,9.808564733541667
2022,12,23,91.9591244907823,9.66974452806739,35.741766208658426,4.718773734723469,0.0006435130843057378,0.00795001035697024,-28.973002830905198,0.6691838707450114,11.5,25.0,4.715100302280846,10.939000207139406,10.938243327556327,10.951686828422876,10.943409468006932
2022,12,24,91.62884160756501,8.896086775135586,35.76693088582951,13.992768738701153,0.0002485050757891809,0.005490265609790016,-25.23856209150327,0.38405437352245864,11.5,25.0,13.973571625724537,10.206620080656375,10.208862937062936,10.222797832167831,10.212773277342658
2022,12,25,96.11778728177802,9.354825772979037,35.32426558227582,1.7433218817920493,0.0012270209633316975,0.011015003856131248,-1.932412535932132,0.10075439949519736,11.5,25.0,1.746082596281078,9.926283390591038,9.92799297506147,9.942886195995785,9.911194849877065
2022,12,26,88.82939595416607,5.938820908190692,35.30301315603339,10.6686942990522,6.337530060828972e-05,0.001032041307115575,-34.04852171452822,0.4519889659074834,11.5,25.0,10.649255827014883,7.68063799688782,7.679334043308484,7.693563507277245,7.691895043095491
2022,12,27,88.24866046249295,3.8103602650874224,35.23406655386351,16.00507614213198,4.864636209813875e-06,0.0004983784545967287,-19.19148336153412,0.5438465877044557,11.5,25.0,15.939131043167984,5.625583051325437,5.633455437797852,5.646309979372644,5.653545984493919
2022,12,28,90.56351676333286,7.86946597821474,35.27422549158297,8.401895600509265,0.0001280237657377281,0.0015039609562880183,-24.428136935917387,1.1633371056726551,11.5,25.0,8.357583836116177,9.343289008346302,9.345740438515575,9.36094628538991,9.380209608529057
2022,12,29,83.30999717992104,6.894549492385786,35.47835589396503,12.817470389170897,0.0004925972927241963,0.00991511562323745,-40.52016356457981,1.084427523970671,11.5,25.0,12.77615503440528,9.6176529892837,9.624338470279099,9.638636105390242,9.677081929834529
2022,12,30,90.91880853461024,7.768391662558974,35.51609041616788,5.908879656362228,0.0002900499964791212,0.00271537215689036,-6.945708048728963,0.8040180268995142,11.5,25.0,5.904625087596356,9.172406168579677,9.201031133961726,9.213396493858898,9.252310166452443
2022,12,31,75.40511667135226,11.410171492831038,35.76433792521788,10.77249086308687,3.605566488614001e-05,0.0009832021366319933,-32.061849873488896,1.5526792240652236,11.5,25.0,10.72238931244317,15.91504287320776,15.925657511887021,15.938290362642821,15.913877606983181
2023,1,1,53.888888888888886,6.827777777777778,34.878787878787875,0.12121212121212122,0.0,0.0,-33.02020202020202,1.517878787878788,0.0,0.0,0.12121212121212122,16.155151515151513,16.166122448979593,16.1775,16.126092142857143
