Month,Day,LC_RAININ,LC_DAILYRAIN,LC_WINDDIR,LC_WINDSPEED,Hour,LC_TEMP_QCL3
1,1,2.1951564934145305e-06,4.2770145871689563e-05,-6.2634187792097435,0.3247018835858943,11.49185667752443,12.194144557857596
1,2,0.0006714852607709751,0.003387046485260771,-28.223993764172334,0.7078146258503402,11.5,11.893158986777001
1,3,0.0007292375283446713,0.006723568594104308,-34.624291383219955,0.6504301303854876,11.5,9.539620137843546
1,4,0.00045436507936507937,0.0035784438775510207,-25.189413265306122,0.3262039399092971,11.5,6.768885864568356
1,5,0.00012733843537414966,0.0002552437641723356,-43.94309807256236,0.602982568027211,11.5,3.88996813051965
1,6,2.2250566893424038e-05,0.00037740929705215424,-17.6984126984127,0.2702714002267574,11.5,3.6604285984841245
1,7,0.00017403628117913832,0.002242205215419501,-25.585955215419503,0.5989214852607709,11.5,3.9263731209608475
1,8,0.0006638321995464853,0.002638463718820862,-8.78344671201814,0.6063619614512471,11.5,3.6722834689905226
1,9,0.0001223781179138322,0.005140873015873016,-28.891439909297052,0.5277444727891156,11.5,4.340408880661594
1,10,7.865646258503402e-06,0.00012273242630385486,7.590773809523809,0.1261387471655329,11.5,0.24336300330414745
1,11,2.6927437641723356e-06,5.647675736961451e-05,0.7887613378684807,0.09941822562358277,11.5,1.7185685639382196
1,12,4.039115646258504e-06,2.2463151927437643e-05,-4.560019841269841,0.06357213718820862,11.5,2.7541503639763674
1,13,3.0470521541950114e-06,5.038265306122449e-05,-8.054917800453515,0.08601615646258504,11.5,2.3711371227666316
1,14,7.157029478458051e-06,1.2046485260770976e-05,0.9796626984126984,0.06082057823129252,11.5,2.939709930095979
1,15,2.834467120181406e-07,2.6927437641723356e-06,21.036139455782312,0.11426232993197279,11.5,2.191836863800837
1,16,4.095804988662131e-05,0.0005017715419501134,-25.33857709750567,0.3585983560090703,11.5,3.023034228056358
1,17,9.63718820861678e-06,0.00013251133786848073,-27.68090986394558,0.2514363662131519,11.5,6.0802415362752535
1,18,3.684807256235828e-06,6.77437641723356e-05,4.53358843537415,0.05618622448979592,11.5,5.2667968449128235
1,19,8.056972789115647e-05,0.0003314200680272109,-18.98781179138322,0.24013109410430838,11.5,3.411756869732034
1,20,0.00013137755102040816,0.0023837868480725624,-20.57638888888889,0.3259353741496599,11.5,3.894631700986812
1,21,2.1258503401360544e-06,6.186224489795918e-05,-25.27749433106576,0.24019274376417232,11.5,3.6979869599006494
1,22,7.086167800453515e-07,3.854875283446712e-05,-27.09297052154195,0.1913484977324263,11.5,5.297653204837773
1,23,5.668934240362812e-07,3.599773242630385e-05,6.0461309523809526,0.05142644557823129,11.5,4.998746376986556
1,24,4.251700680272109e-07,3.3942743764172336e-05,9.428571428571429,0.07535714285714286,11.5,3.4951477667989845
1,25,6.377551020408164e-07,3.2171201814058955e-05,4.597363945578231,0.04578656462585034,11.5,1.2736379471318489
1,26,7.794784580498865e-07,3.5856009070294785e-05,-29.29421768707483,0.2627111678004535,11.5,2.559167039360095
1,27,6.675170068027212e-05,0.0007859268707482994,-36.879606009070294,0.5543388605442177,11.5,6.207130147116835
1,28,4.109977324263038e-06,5.038265306122449e-05,-19.222293083900226,0.2651013321995465,11.5,4.4136170639847085
1,29,4.109977324263038e-06,3.932823129251701e-05,-41.19593253968254,0.7933850623582767,11.5,8.832048982554346
1,30,6.377551020408164e-07,3.2171201814058955e-05,-24.757298752834465,0.21675240929705214,11.5,5.494414253553729
1,31,0.0001437783446712018,0.0027953514739229024,-33.24298469387755,1.3382575113378685,11.5,5.587096013025331
2,1,4.039115646258504e-05,0.0007422052154195012,-42.155399659863946,0.7126927437641724,11.5,6.809359292356531
2,2,2.6927437641723356e-05,0.00012521258503401362,-35.13066893424036,0.3690880102040816,11.5,9.011828305904734
2,3,1.0629251700680272e-06,3.550170068027211e-05,-31.615858843537413,0.41151643990929704,11.5,7.565875694709451
2,4,0.00015554138321995464,0.0010599489795918367,-33.527423469387756,0.7649617346938775,11.5,6.546507166304208
2,5,1.417233560090703e-06,3.231292517006803e-05,-40.98207199546485,0.7795280612244898,11.5,5.709589272918229
2,6,0.0010830498866213152,0.010893920068027212,-41.9937641723356,1.355763888888889,11.5,7.389455068448308
2,7,6.951530612244898e-05,0.003593253968253968,-38.87315759637188,0.653404903628118,11.5,5.550730926624695
2,8,1.1904761904761905e-05,0.00014143990929705216,-41.29046201814059,0.6008064058956916,11.5,9.074257966727146
2,9,2.1258503401360545e-07,9.183673469387756e-05,-28.571003401360546,0.3221003401360544,11.5,9.210910260500905
2,10,0.0003236961451247166,0.0030367772108843534,-19.019132653061224,0.18455286281179137,11.5,5.510064712572327
2,11,4.464285714285715e-06,0.00012492913832199548,-26.174178004535147,0.3381313775510204,11.5,4.0341871518723496
2,12,4.180839002267574e-06,0.00011890589569160997,3.5535714285714284,0.24225410997732427,11.5,2.447472732326206
2,13,9.21201814058957e-07,0.0001062216553287982,1.3171768707482994,0.759764030612245,11.5,6.736797691797723
2,14,3.932823129251701e-05,0.00021364795918367348,-27.200396825396826,0.8447753684807255,11.5,9.398949890718715
2,15,0.0003651502267573696,0.0015607284580498866,-34.558815192743765,0.7749348072562358,11.5,7.561966369082904
2,16,0.00025290532879818594,0.003843608276643991,-39.88031462585034,1.3862322845804989,11.5,11.133120156614382
2,17,0.0001322278911564626,0.000617701247165533,-42.8406320861678,1.3700347222222222,11.5,10.153720179461548
2,18,8.666383219954649e-05,0.0010580357142857143,-27.964781746031747,1.5283793934240364,11.5,9.114471531641874
2,19,0.00016078514739229025,0.0008124291383219955,-42.87549603174603,1.354652777777778,11.5,6.621620238610619
2,20,0.0003386479591836735,0.0011286139455782313,-40.04187925170068,1.4941404478458051,11.5,9.214702369533597
2,21,0.00022208049886621314,0.0026121031746031745,-38.18388605442177,1.364421768707483,11.5,6.645376586862403
2,22,4.981575963718821e-05,0.00037811791383219955,-28.46067176870748,0.6066163548752834,11.5,7.2243266689300665
2,23,1.2046485260770975e-06,3.337585034013606e-05,-18.754109977324262,0.40640660430839004,11.5,7.597513790395667
2,24,0.00024581916099773244,0.0022492913832199545,-34.36210317460318,0.6976367630385487,11.5,6.570026163769051
2,25,4.195011337868481e-05,0.00045613662131519276,-29.235189909297052,0.6593643707482993,11.5,4.733388162967344
2,26,4.606009070294785e-06,5.5272108843537416e-05,22.981434240362812,0.23744260204081633,11.5,3.1568026217241387
2,27,6.377551020408164e-07,3.50765306122449e-05,31.67091836734694,0.3133971088435374,11.5,4.75725083763662
2,28,1.0629251700680272e-06,4.2091836734693875e-05,19.361181972789115,0.20790532879818593,11.5,4.367586788249241
3,1,6.377551020408164e-07,3.698979591836735e-05,9.016014739229025,0.0819657029478458,11.5,5.386189431377542
3,2,1.7715419501133788e-06,4.464285714285714e-05,15.732213718820862,0.12937996031746032,11.5,6.207163813860205
3,3,9.21201814058957e-07,3.861961451247166e-05,17.668367346938776,0.13643920068027213,11.5,5.4854372054838665
3,4,4.96031746031746e-07,3.4084467120181404e-05,17.104591836734695,0.13633219954648526,11.5,5.119247131783501
3,5,7.086167800453515e-07,4.159580498866213e-05,-0.06186224489795918,0.11711451247165533,11.5,3.668464484293548
3,6,2.1258503401360545e-07,3.061224489795918e-05,10.215419501133788,0.24914044784580497,11.5,2.3599743935240007
3,7,1.913265306122449e-06,4.5776643990929705e-05,29.101969954648528,0.4509275793650793,11.5,2.1822607758196586
3,8,3.330498866213152e-06,6.802721088435374e-05,25.168296485260772,0.26344671201814057,11.5,3.9985690960380196
3,9,1.6298185941043085e-06,5.0736961451247166e-05,17.976899092970523,0.179078089569161,11.5,6.487067281125125
3,10,0.0,3.061224489795918e-05,25.56909013605442,0.26239654195011336,11.5,8.411407705644537
3,11,0.0,3.061224489795918e-05,38.94784580498866,0.5419139739229025,11.5,10.916077047075596
3,12,2.1258503401360545e-07,3.061224489795918e-05,17.233630952380953,0.562796201814059,11.5,11.5856270448732
3,13,0.0,3.061224489795918e-05,24.618764172335602,0.587765022675737,11.5,11.550859135107714
3,14,0.0,3.061224489795918e-05,-25.72874149659864,0.36899234693877553,11.5,9.738027473986419
3,15,2.1258503401360545e-07,3.061224489795918e-05,17.418863378684808,0.14107568027210884,11.5,8.21362705726647
3,16,0.0,3.061224489795918e-05,34.382440476190474,0.24818664965986392,11.5,9.112125913164569
3,17,2.6927437641723356e-06,4.464285714285714e-05,-14.884282879818594,0.3894713718820862,11.5,8.402356725808403
3,18,0.0,7.986111111111112e-05,18.245890022675738,0.41811933106575966,11.5,8.181155594324911
3,19,0.0,3.061224489795918e-05,32.450892857142854,0.7754478458049887,11.5,9.449879549278652
3,20,8.227040816326531e-05,0.0013523242630385486,1.6240079365079365,0.2173313492063492,11.5,5.50509995126171
3,21,3.826530612244898e-06,3.8265306122448984e-05,10.189625850340136,0.09789753401360544,11.5,9.350112439085791
3,22,1.034580498866213e-05,5.10204081632653e-05,16.314342403628117,0.09592828798185941,11.5,11.770728634461198
3,23,8.361678004535148e-06,5.0666099773242625e-05,-6.4644274376417235,0.07023171768707483,11.5,10.663456831032391
3,24,2.1258503401360544e-06,8.170351473922902e-05,-1.937358276643991,0.07473781179138322,11.5,10.391016809033243
3,25,3.5430839002267574e-07,3.273809523809524e-05,8.295918367346939,0.13184878117913834,11.5,10.2669005805931
3,26,7.794784580498865e-07,4.329648526077097e-05,13.16454081632653,0.22866567460317458,11.5,11.505875992713309
3,27,2.1258503401360545e-07,3.061224489795918e-05,7.511267006802721,0.09317318594104308,11.5,9.330926744156313
3,28,0.0,3.061224489795918e-05,-7.059452947845805,0.09433673469387754,11.5,10.727315453172361
3,29,0.0,3.061224489795918e-05,17.520408163265305,0.11554492630385486,11.5,11.392787066106129
3,30,2.9478458049886623e-05,5.888605442176871e-05,13.268069727891156,0.18706207482993198,11.5,9.288389023863514
3,31,0.0001552579365079365,0.0006834608843537415,-4.705073696145124,0.3259424603174603,11.5,4.861115512460066
4,1,0.0001226354394543817,0.0012784712392227514,8.729185433020204,0.521820872474585,11.507399305108738,3.2630962774967043
4,2,9.580761316872428e-06,1.3438786008230452e-05,7.317065329218107,0.35391203703703705,11.5,4.356604255269206
4,3,1.0738168724279836e-05,1.7361111111111112e-06,-5.570473251028806,0.13748649691358025,11.5,4.400459780904734
4,4,0.00014930555555555555,0.0002952031893004115,-33.03536522633745,0.8822890946502058,11.5,5.932403658813438
4,5,0.0002539866255144033,0.005041988168724279,-43.6588220164609,0.6878317901234567,11.5,11.32547575052425
4,6,8.551954732510289e-05,0.0003631044238683128,-35.05999228395062,0.8762847222222222,11.5,10.484901085758358
4,7,0.000272826646090535,0.0028916538065843623,-37.904899691358025,1.5261239711934156,11.5,10.813812771716231
4,8,1.0352366255144033e-05,0.00020126028806584362,-9.980516975308642,0.24157793209876544,11.5,7.210263817644101
4,9,1.974022633744856e-05,7.986111111111112e-05,-24.632973251028808,0.5268557098765432,11.5,7.262197298297909
4,10,9.580761316872428e-06,3.703703703703704e-05,-4.079539609053498,0.13475115740740742,11.5,8.347448016603332
4,11,9.25925925925926e-06,3.703703703703704e-05,32.498971193415635,0.34983731995884776,11.5,11.462825393321028
4,12,9.902263374485596e-06,3.8451646090534976e-05,14.514146090534979,0.297357896090535,11.5,14.623942371202277
4,13,1.626800411522634e-05,4.475308641975309e-05,-4.166859567901234,0.09695859053497943,11.5,12.952180293275152
4,14,1.02880658436214e-05,1.851851851851852e-05,-5.471707818930041,0.22033822016460905,11.5,13.505489157050182
4,15,9.25925925925926e-06,1.851851851851852e-05,12.960648148148149,0.2346624228395062,11.5,12.127627416169922
4,16,9.25925925925926e-06,1.851851851851852e-05,29.250064300411523,0.35974987139917697,11.5,12.382422121552521
4,17,9.25925925925926e-06,1.851851851851852e-05,26.901298868312757,0.23993569958847738,11.5,12.463817336199996
4,18,9.45216049382716e-06,1.851851851851852e-05,16.49099794238683,0.1482857510288066,11.5,12.663862032032874
4,19,9.45216049382716e-06,2.694187242798354e-05,15.979102366255145,0.21453896604938272,11.5,13.542896966480454
4,20,9.25925925925926e-06,1.851851851851852e-05,24.323173868312757,0.27399112654320984,11.5,12.94727266706946
4,21,9.902263374485596e-06,2.8292181069958848e-05,23.29880401234568,0.37563143004115224,11.5,13.525623185637482
4,22,9.645061728395062e-06,2.0190329218106998e-05,23.962448559670783,0.3818119855967078,11.5,12.660485301259039
4,23,9.25925925925926e-06,1.851851851851852e-05,29.058191872427983,0.4659220679012346,11.5,14.186837342043965
4,24,9.25925925925926e-06,1.851851851851852e-05,11.872878086419753,0.32578253600823043,11.5,13.972652530354285
4,25,0.0003897890946502058,0.002280864197530864,1.5727880658436213,0.18211805555555557,11.5,9.797604631289099
4,26,0.00011310442386831277,0.0021733539094650205,3.547003600823045,0.26398855452674896,11.5,10.59959239473727
4,27,9.387860082304525e-06,1.851851851851852e-05,10.23193158436214,0.1805979938271605,11.5,11.060897832547882
4,28,9.387860082304525e-06,1.851851851851852e-05,10.879436728395062,0.1920826903292181,11.5,12.289623686908415
4,29,9.25925925925926e-06,1.851851851851852e-05,7.228780864197531,0.1718647119341564,11.5,11.418502876172028
4,30,1.0931069958847737e-05,3.1893004115226336e-05,2.250900205761317,0.21384452160493828,11.5,9.53953961646181
5,1,9.25925925925926e-06,1.851851851851852e-05,1.4591692386831276,0.10648083847736625,11.5,10.645468420123425
5,2,1.1895576131687243e-05,4.70679012345679e-05,5.597672325102881,0.194945987654321,11.5,12.809495811556832
5,3,9.45216049382716e-06,1.851851851851852e-05,4.346965020576132,0.21970036008230454,11.5,12.952204047434456
5,4,9.77366255144033e-06,3.14429012345679e-05,-3.0911779835390947,0.1813991769547325,11.5,12.913562646758216
5,5,5.150462962962963e-05,0.0002565586419753086,-4.1215920781893,0.12771154835390947,11.5,13.68644715325994
5,6,9.96656378600823e-06,1.851851851851852e-05,-3.2519933127572016,0.10856738683127572,11.5,14.181394238855818
5,7,3.305041152263374e-05,0.00042213220164609053,-2.993505658436214,0.16476401748971192,11.5,15.23496947037465
5,8,9.25925925925926e-06,1.851851851851852e-05,11.585905349794238,0.2152269804526749,11.5,14.881640169667861
5,9,9.25925925925926e-06,1.2217078189300412e-05,3.37133487654321,0.10625192901234569,11.5,16.503480165996883
5,10,1.0545267489711934e-05,1.6782407407407408e-05,-14.779706790123457,0.3138644547325103,11.5,18.503505604487522
5,11,3.7872942386831276e-05,2.3212448559670782e-05,-28.40522119341564,0.4685583847736626,11.5,18.74138029964488
5,12,9.77366255144033e-06,1.6782407407407408e-05,-23.556970164609055,0.24286972736625514,11.5,15.727548285515093
5,13,9.45216049382716e-06,0.0,-27.489390432098766,0.33001221707818934,11.5,14.641244925665847
5,14,9.25925925925926e-06,0.0,-9.004050925925926,0.09989454732510288,11.5,16.353160469302022
5,15,9.25925925925926e-06,0.0,25.007973251028808,0.19947980967078188,11.5,19.82241847625587
5,16,1.0223765432098765e-05,5.915637860082305e-06,-16.060956790123456,0.28713477366255147,11.5,19.113218501077792
5,17,9.25925925925926e-06,0.0,-5.2590663580246915,0.16266525205761317,11.5,20.1155695509411
5,18,6.494341563786008e-06,3.63940329218107e-05,-6.544560185185185,0.10798932613168724,11.5,21.429323984847745
5,19,0.000313207304526749,0.004197723765432099,-2.1285365226337447,0.24362975823045266,11.5,19.636846922064368
5,20,0.00047524434156378604,0.00486059670781893,-6.208204732510288,0.2869000771604938,11.5,15.532856632154331
5,21,2.3791152263374484e-06,5.542695473251029e-05,-25.733989197530864,0.2936072530864198,11.5,15.712171019648544
5,22,3.858024691358025e-07,7.780349794238683e-06,7.248971193415638,0.08012088477366255,11.5,17.601022502133777
5,23,0.0010109953703703704,0.007330118312757202,-10.165637860082304,0.18845550411522635,11.5,16.750651397752268
5,24,8.944187242798353e-05,0.0008563528806584362,-26.800861625514404,0.3872460133744856,11.5,13.342676961198839
5,25,2.3791152263374484e-06,2.2955246913580246e-05,-31.146797839506174,0.4996965020576132,11.5,14.519345680982244
5,26,1.286008230452675e-07,0.0,-38.532793209876544,0.6318801440329218,11.5,16.544895560583086
5,27,6.957304526748971e-05,0.0012855581275720165,-23.054526748971192,0.46391203703703704,11.5,15.368002759679792
5,28,0.0,1.5303497942386833e-05,-11.611175411522634,0.337465920781893,11.5,13.060797508182196
5,29,0.0001089891975308642,0.0006443544238683128,-8.700102880658436,0.19604359567901233,11.5,10.563697504743768
5,30,1.3503086419753088e-06,1.3438786008230452e-05,2.494727366255144,0.05121784979423868,11.5,11.798232522985602
5,31,2.507716049382716e-06,0.0,-12.161329732510287,0.15704218106995885,11.5,14.066392083892794
6,1,1.7361111111111112e-06,1.4596193415637861e-05,-17.35352366255144,0.2614936985596708,11.5,13.132018610628313
6,2,3.858024691358025e-07,0.0,14.673353909465021,0.14366833847736626,11.5,14.959596384632158
6,3,3.2150205761316875e-07,9.002057613168725e-07,13.990805041152264,0.12619984567901235,11.5,18.480942398788038
6,4,0.00017926954732510288,0.0001665380658436214,18.8369341563786,0.2704674639917696,11.5,20.191061086986206
6,5,0.0014810956790123457,0.020135545267489712,-15.580889917695472,0.20651684670781892,11.5,17.2536630090689
6,6,5.6584362139917696e-06,0.00010345936213991769,-27.379565329218106,0.4259053497942387,11.5,15.78295796320297
6,7,0.00016583076131687245,0.001697337962962963,-17.101658950617285,0.12535558127572016,11.5,15.190110591627818
6,8,0.0009385931069958847,0.0109150591563786,-16.555041152263374,0.21467206790123455,11.5,15.084204530899745
6,9,2.314814814814815e-06,0.00012872942386831274,-27.17579732510288,0.27221064814814816,11.5,16.675233990504207
6,10,1.286008230452675e-07,0.0,-16.93402777777778,0.2571752829218107,11.5,19.00332482279441
6,11,1.9290123456790125e-07,0.0,-20.346965020576132,0.21916216563786006,11.5,18.987740984252806
6,12,0.0,0.0,-16.502057613168724,0.2189306841563786,11.5,17.07378963718495
6,13,1.286008230452675e-06,8.487654320987654e-06,-13.473701131687243,0.27882716049382716,11.5,15.816744004537746
6,14,0.0,0.0,10.630722736625515,0.12942579732510287,11.5,16.412608608052928
6,15,1.9290123456790125e-07,0.0,4.488361625514403,0.1088014403292181,11.5,19.869832643782324
6,16,0.0,0.0,7.126800411522634,0.12999935699588477,11.5,20.147461387003073
6,17,6.430041152263375e-07,1.3117283950617285e-05,-11.083397633744855,0.17546039094650207,11.5,23.158462232991596
6,18,2.9578189300411525e-05,0.0003177083333333333,-8.961869855967079,0.173695987654321,11.5,25.91391859963824
6,19,0.00017193930041152264,0.0025289351851851853,2.5583204732510287,0.307681970164609,11.5,16.325929665011856
6,20,3.485082304526749e-05,0.000541795267489712,-0.4921553497942387,0.20174768518518518,11.5,16.78318038287217
6,21,1.9290123456790125e-07,2.642746913580247e-05,5.5552340534979425,0.11336098251028806,11.5,15.94243106972605
6,22,0.0,1.851851851851852e-05,9.271862139917696,0.18501864711934154,11.5,20.341557295519742
6,23,0.00035596707818930036,0.00033603395061728396,-9.02366255144033,0.2290721450617284,11.5,23.70081838644939
6,24,0.00041544495884773667,0.01631905864197531,-15.211484053497943,0.21299961419753088,11.5,19.949842687247106
6,25,0.00032400977366255144,0.001605516975308642,-10.644997427983538,0.22375707304526748,11.5,18.419667490519494
6,26,2.9578189300411524e-06,4.777520576131687e-05,-1.2279449588477367,0.15828575102880657,11.5,17.599932130497038
6,27,0.0005558770576131687,0.0058870884773662546,-11.628729423868313,0.10282343106995884,11.5,16.558693897747638
6,28,0.0,2.932098765432099e-05,5.238490226337449,0.11694508744855968,11.5,18.498796796639045
6,29,1.9290123456790125e-07,1.851851851851852e-05,-7.692836934156379,0.1294798096707819,11.5,21.51476450845705
6,30,0.0008613683127572017,0.004833076131687243,-23.496399176954732,0.22396090534979424,11.5,16.37069011262314
7,1,0.00018344907407407408,0.0003376414609053498,-23.015046296296298,0.27777713477366256,11.5,16.40549228918136
7,2,0.00025,0.00022222222222222223,-10.60474537037037,0.16083654835390945,11.5,18.603981741229315
7,3,0.00025,0.00022222222222222223,-22.682484567901234,0.28278227880658435,11.5,18.070082091242696
7,4,0.00025083590534979424,0.0002294238683127572,-17.999485596707817,0.20860275205761317,11.5,18.328705039418473
7,5,0.00025070730452674895,0.00022833076131687245,-14.75051440329218,0.25084297839506176,11.5,17.21551500322794
7,6,0.00025,0.00022222222222222223,-16.82683899176955,0.1442676183127572,11.5,17.27037666387859
7,7,0.00027784207818930045,0.0006747042181069959,-21.885866769547324,0.47299447016460905,11.5,17.2451874034314
7,8,0.00025,0.00022273662551440328,-8.9130658436214,0.12471257716049383,11.5,18.22392422845042
7,9,0.00024511316872427986,0.00019290123456790122,-14.778356481481481,0.33830954218106996,11.5,18.663806580869757
7,10,0.00024074074074074075,0.00016666666666666666,-8.337127057613168,0.14446952160493826,11.5,17.551401779692263
7,11,0.00024074074074074075,0.00016666666666666666,6.799511316872428,0.1114769804526749,11.5,19.769390673935284
7,12,0.00024074074074074075,0.00016666666666666666,-3.7472350823045266,0.0809008487654321,11.5,22.51112159222969
7,13,0.00024074074074074075,0.00016666666666666666,-14.958719135802468,0.2142695473251029,11.5,23.729382838303373
7,14,0.00024389146090534982,0.00020511831275720163,0.988233024691358,0.2122485853909465,11.5,19.995193787138756
7,15,0.00024074074074074075,0.00016666666666666666,-6.8530092592592595,0.13912551440329218,11.5,17.882360780792826
7,16,0.00024074074074074075,0.00016666666666666666,-3.2420267489711936,0.18881494341563784,11.5,18.62362337581685
7,17,0.00024074074074074075,0.00016666666666666666,5.081404320987654,0.09606031378600824,11.5,19.89814585999703
7,18,0.00024074074074074075,0.00016666666666666666,-9.65625,0.08108346193415637,11.5,24.515005914274386
7,19,0.00023636831275720166,0.00015213477366255145,9.286008230452675,0.1907375257201646,11.5,28.594678136094906
7,20,0.00036458333333333335,0.0009774948559670782,-24.041859567901234,0.24651427469135803,11.5,22.26164022970496
7,21,0.0005350437242798353,0.004613683127572016,-23.706725823045268,0.2585821759259259,11.5,17.729334985872647
7,22,0.00029147376543209877,0.0003220164609053498,6.418852880658436,0.09432677469135803,11.5,18.07195108289335
7,23,0.00024074074074074075,0.0001277006172839506,-1.1826131687242798,0.06297646604938271,11.5,20.484045879264862
7,24,0.0002314814814814815,0.00012037037037037036,-13.245434670781894,0.17973186728395063,11.5,23.895481766246064
7,25,0.0002314814814814815,0.00012037037037037036,-30.40187757201646,0.5007941100823046,11.5,21.750803832729332
7,26,0.00023199588477366257,0.0001257716049382716,-17.83590534979424,0.30061535493827163,11.5,18.654674270495462
7,27,7.233796296296296e-05,0.00011683384773662551,7.549511316872428,0.1413207304526749,11.5,17.196921993306724
7,28,0.0,0.0,16.335841049382715,0.21163194444444447,11.5,19.069284529197272
7,29,1.3503086419753086e-06,1.7746913580246913e-05,-7.901234567901234,0.15933641975308643,11.5,20.662515493893075
7,30,1.9290123456790125e-07,0.0,-9.360275205761317,0.082465920781893,11.5,20.897042595842258
7,31,1.0931069958847738e-06,5.1440329218107e-06,-34.69515174897119,0.47869598765432103,11.5,21.70841340092615
8,1,2.764917695473251e-06,0.0,-12.086226851851851,0.16582626028806582,11.5,21.895404915415913
8,2,0.0,0.0,-16.393582818930042,0.25729423868312756,11.5,22.912521590320797
8,3,0.0,0.0,-10.86111111111111,0.12570344650205761,11.5,25.521217147834523
8,4,0.00015663580246913579,0.00037043467078189303,-10.059220679012345,0.14264403292181072,11.5,23.07908621813692
8,5,0.00021997170781893003,0.004639146090534979,-3.9026491769547325,0.29778549382716046,11.5,19.223248715160473
8,6,1.286008230452675e-07,7.304526748971194e-05,7.135030864197531,0.14452224794238683,11.5,16.86535180901639
8,7,0.0,5.555555555555556e-05,0.8773148148148148,0.16562564300411522,11.5,18.78197856853485
8,8,0.0,5.555555555555556e-05,4.535365226337449,0.1852128343621399,11.5,19.4772239721624
8,9,0.0,5.555555555555556e-05,8.441743827160494,0.2175970936213992,11.5,21.39365949088413
8,10,0.0,5.555555555555556e-05,12.3872170781893,0.17824652777777777,11.5,23.442989665567
8,11,5.4655349794238675e-06,0.00013747427983539095,14.650462962962964,0.14740419238683128,11.5,24.414075171743498
8,12,0.0,5.555555555555556e-05,15.992026748971194,0.20992541152263375,11.5,24.61318767734097
8,13,1.286008230452675e-07,5.555555555555556e-05,14.92483281893004,0.12877764917695472,11.5,24.558871288540505
8,14,0.0,5.555555555555556e-05,3.5840406378600824,0.11107831790123457,11.5,24.67168913756957
8,15,2.8742283950617285e-05,0.0003380915637860082,3.449266975308642,0.1873289609053498,11.5,22.671747092137288
8,16,1.9290123456790125e-07,5.555555555555556e-05,-11.42772633744856,0.11544688786008231,11.5,22.98570705328185
8,17,0.00029449588477366257,0.004110018004115226,0.854295267489712,0.06235918209876543,11.5,20.570110850215087
8,18,8.359053497942388e-07,7.857510288065843e-05,-1.1416538065843622,0.06315650720164609,11.5,21.38934894411868
8,19,0.0001579861111111111,0.0006885288065843621,-20.541602366255145,0.18601273148148148,11.5,19.9175600593741
8,20,7.71604938271605e-07,5.844907407407407e-05,-21.713541666666668,0.2092412551440329,11.5,19.333238812846183
8,21,0.0,5.555555555555556e-05,-12.063914609053498,0.11914737654320988,11.5,18.61386301013239
8,22,0.0,5.555555555555556e-05,11.903935185185185,0.08748392489711934,11.5,21.16961246174879
8,23,0.0,2.5848765432098767e-05,-12.774948559670781,0.15745949074074073,11.5,22.74908330141464
8,24,0.0,0.0,5.258487654320987,0.061545138888888885,11.5,24.286787490173516
8,25,0.0,0.0,-1.1084747942386832,0.205414737654321,11.5,24.825381346432202
8,26,0.0,0.0,-9.039416152263374,0.25213541666666667,11.5,20.189341086124504
8,27,0.0,0.0,3.3205375514403292,0.11310892489711934,11.5,18.618144195859752
8,28,0.0,0.0,11.867541152263374,0.2708860596707819,11.5,19.09009131605981
8,29,0.0,0.0,7.516010802469136,0.1439474022633745,11.5,18.212510575616662
8,30,0.0,0.0,10.167116769547325,0.24880079732510288,11.5,20.721608085048164
8,31,0.0,0.0,17.536651234567902,0.262852366255144,11.5,20.578586789711206
9,1,0.0,0.0,18.56127829218107,0.16983603395061728,11.5,20.245488015559182
9,2,0.0,0.0,23.240676440329217,0.18143197016460907,11.5,21.359757420202538
9,3,4.128086419753086e-05,0.00023977623456790124,3.3079989711934155,0.08618055555555555,11.5,20.88406911229494
9,4,3.858024691358025e-07,0.0,-9.29050925925926,0.19718621399176953,11.5,21.212280156878485
9,5,0.0002114840534979424,0.00025861625514403294,4.976980452674897,0.1952417695473251,11.5,22.075908867189987
9,6,0.00011291152263374485,0.004993119855967078,-2.1672453703703702,0.17348765432098764,11.5,21.697453038469636
9,7,3.8708847736625516e-05,6.603652263374485e-05,-8.86304012345679,0.23633873456790122,11.5,20.437438574684478
9,8,0.0006406893004115226,0.0054751800411522635,-7.64088220164609,0.23317322530864198,11.5,17.298043212264208
9,9,5.870627572016461e-05,0.0007011316872427984,-13.166216563786008,0.4283307613168724,11.5,16.206919378013666
9,10,0.0002471707818930041,0.0030022505144032922,-23.266203703703702,0.33935442386831277,11.5,16.782169157366503
9,11,3.6651234567901236e-06,1.02880658436214e-06,4.242348251028806,0.03727944958847736,11.5,16.676339565113807
9,12,8.359053497942388e-07,0.0,1.8380915637860082,0.06700745884773662,11.5,18.300428517245958
9,13,0.0002139917695473251,0.0010275848765432098,1.3020190329218106,0.020477109053497942,11.5,19.25223422399778
9,14,0.0005914351851851852,0.009770126028806584,10.894161522633745,0.07553819444444444,11.5,15.036999633650082
9,15,4.372427983539095e-06,3.761574074074074e-05,-11.328510802469136,0.11735725308641975,11.5,14.896572765102059
9,16,0.0004864326131687243,0.004151684670781894,-27.5448816872428,0.3085551697530864,11.5,12.268149114455733
9,17,0.0010184542181069958,0.010412551440329218,-30.274498456790123,0.32876286008230454,11.5,11.697001558082494
9,18,0.0003296682098765432,0.00376195987654321,-23.212770061728396,0.3233429783950617,11.5,12.104470333548898
9,19,2.0318930041152264e-05,0.00012339248971193417,-17.57786779835391,0.2076826131687243,11.5,12.621875806705978
9,20,1.0866769547325104e-05,9.214248971193416e-05,-8.164223251028806,0.06793274176954732,11.5,12.6577639128021
9,21,3.08641975308642e-06,1.491769547325103e-05,6.319251543209877,0.04107831790123457,11.5,11.307232564976706
9,22,1.02880658436214e-06,8.616255144032922e-06,2.947659465020576,0.06664480452674898,11.5,12.08058519371743
9,23,1.1059670781893005e-05,8.23045267489712e-06,-6.717463991769547,0.062161779835390944,11.5,13.104132767693704
9,24,0.0004635416666666667,0.007327932098765432,2.84863683127572,0.056640946502057615,11.5,12.887846024983599
9,25,6.68724279835391e-06,9.709362139917695e-06,-6.70460390946502,0.08075102880658436,11.5,12.613286312707693
9,26,0.0007065329218106996,0.004596514917695473,-21.420010288065843,0.43184670781893003,11.5,11.204306476539893
9,27,0.0009735082304526749,0.010534014917695473,-24.309542181069958,0.24532600308641975,11.5,9.903665660728214
9,28,0.00012242798353909464,0.003196244855967078,-11.823109567901234,0.11903999485596707,11.5,9.79317241030961
9,29,5.6584362139917696e-06,4.951131687242798e-05,-4.364519032921811,0.035304783950617286,11.5,9.211286293070243
9,30,0.0001964377572016461,0.00020936213991769548,-7.266911008230453,0.25178626543209875,11.5,11.202899010973008
10,1,0.0004124871399176955,0.012437307098765433,-22.798675411522634,0.5468460648148148,11.5,14.527419665425644
10,2,0.0002672968106995885,0.005091049382716049,-22.331661522633745,0.18976658950617284,11.5,13.384209786344684
10,3,3.343621399176955e-06,0.00015740740740740743,1.0162680041152263,0.0506153549382716,11.5,11.168847209840171
10,4,2.250514403292181e-06,0.000165380658436214,-6.725630144032922,0.17214570473251029,11.5,12.974450885228613
10,5,4.539609053497942e-05,0.00019708076131687245,-19.419817386831276,0.5675688014403292,11.5,16.406557660918807
10,6,7.073045267489712e-07,0.0001619084362139918,-21.142168209876544,0.23043402777777777,11.5,12.822086977083082
10,7,3.2150205761316875e-07,0.00015740740740740743,-12.09130658436214,0.1957690329218107,11.5,12.103693072392614
10,8,3.485082304526749e-05,0.0009807741769547326,-18.20556841563786,0.23125064300411521,11.5,12.081328151170267
10,9,5.1440329218107e-07,0.00016396604938271608,14.601466049382717,0.1291602366255144,11.5,10.32536214077289
10,10,1.993312757201646e-06,0.00017001028806584362,-7.2780992798353905,0.14589570473251026,11.5,11.388637567451132
10,11,1.54320987654321e-06,0.00015740740740740743,8.28491512345679,0.06568801440329218,11.5,8.96756720635931
10,12,1.54320987654321e-06,0.00015740740740740743,-3.3318544238683128,0.06387345679012346,11.5,9.629419983468363
10,13,5.787037037037037e-05,0.0008025334362139917,-8.01440329218107,0.08899241255144033,11.5,12.941804405028293
10,14,5.195473251028807e-05,0.0008020190329218107,-5.455054012345679,0.10304398148148147,11.5,14.554344316486626
10,15,3.305041152263374e-05,0.0005304783950617284,-8.55735596707819,0.22546489197530864,11.5,14.736137542438273
10,16,8.674125514403292e-05,0.0005706018518518519,-4.082818930041152,0.1462744341563786,11.5,15.12509551247428
10,17,0.00011053240740740742,0.0016140689300411524,-3.8519804526748973,0.09285686728395061,11.5,16.302904060570988
10,18,4.179526748971193e-06,0.00019843106995884777,5.272698045267489,0.04383873456790123,11.5,15.26118651736111
10,19,3.2150205761316876e-06,0.00017592592592592595,26.46122685185185,0.248701774691358,11.5,12.609029306970164
10,20,0.0001541280864197531,0.00221508487654321,16.959426440329217,0.17206211419753084,11.5,15.248531586741255
10,21,3.626543209876544e-05,0.000856031378600823,-1.2404835390946503,0.21405349794238684,11.5,16.337898785365226
10,22,6.430041152263375e-07,0.0002274948559670782,-8.26954732510288,0.1965747170781893,11.5,15.331923393197018
10,23,1.1895576131687243e-05,0.0002534079218106996,16.66595936213992,0.21028742283950616,11.5,15.954542174447017
10,24,0.000616576646090535,0.0036912294238683127,-24.093878600823047,0.6442920524691358,11.5,15.844777533436213
10,25,7.581018518518519e-05,0.0003096064814814815,-11.887409979423868,0.2502154063786008,11.5,14.102313119598765
10,26,4.411008230452675e-05,0.000255979938271605,-5.096450617283951,0.2073193158436214,11.5,15.94385949524177
10,27,9.002057613168725e-07,0.00019669495884773664,13.372363683127572,0.20317193930041152,11.5,17.288181522376544
10,28,3.2150205761316875e-07,0.0,-4.449781378600823,0.15147762345679014,11.5,17.574179906764403
10,29,7.073045267489712e-07,7.330246913580247e-06,10.347350823045268,0.05281121399176955,11.5,17.052484864969138
10,30,0.0,0.0,-6.305748456790123,0.04876093106995885,11.5,14.974686629179526
10,31,2.1862139917695473e-05,0.00018955761316872427,17.359375,0.15396090534979426,11.5,14.397271590277777
11,1,3.858024691358025e-07,9.25925925925926e-06,-18.376543209876544,0.9145891203703704,11.5,15.208820978009259
11,2,6.430041152263375e-07,1.4274691358024692e-05,-18.133744855967077,0.6090181327160494,11.5,13.036355911265431
11,3,0.00016525205761316872,0.0012374614197530865,3.3218878600823047,0.4664981995884773,11.5,12.339820601080248
11,4,0.0001244212962962963,0.0015839763374485597,-6.103137860082304,0.1057568158436214,11.5,9.48112615457819
11,5,5.722736625514403e-06,0.00015213477366255145,-8.96289866255144,0.31409850823045266,11.5,8.383138998199588
11,6,0.0002471064814814815,0.0022983539094650206,3.407150205761317,0.6106635802469136,11.5,10.19233885770319
11,7,3.1507201646090536e-06,0.00023353909465020575,-14.93454218106996,0.5823759002057614,11.5,13.186329697916666
11,8,0.0,0.0002037037037037037,3.3308899176954734,0.5534580761316872,11.5,13.67244454211677
11,9,8.74485596707819e-05,0.0011851851851851852,-24.682098765432098,0.4907516718106996,11.5,12.117482851015946
11,10,3.858024691358025e-06,0.00021373456790123457,-17.08809156378601,0.3656655092592593,11.5,10.794970225823045
11,11,1.9290123456790124e-06,0.00021296296296296295,-4.600437242798354,0.13665252057613167,11.5,8.714676173225309
11,12,3.6651234567901236e-06,0.00022055041152263375,1.3020190329218106,0.03370884773662552,11.5,8.425859639223251
11,13,3.858024691358025e-06,0.00022042181069958848,4.969843106995885,0.0322485853909465,11.5,7.343852362197145
11,14,6.17283950617284e-06,0.00022222222222222223,6.019483024691358,0.1322286522633745,11.5,5.294820181717721
11,15,0.0003200874485596708,0.0012019675925925926,15.722093621399177,0.24482124485596707,11.5,11.422105040444958
11,16,0.00043550668724279837,0.0018145576131687242,19.237590020576132,0.3604044495884774,11.5,10.438384271026235
11,17,0.0002541152263374486,0.006976916152263374,-8.083912037037036,0.7233731995884773,11.5,10.65114961850566
11,18,0.0017135416666666668,0.00949633487654321,-10.5224408436214,0.18083076131687245,11.5,8.906009798096708
11,19,0.0004658564814814815,0.0085693158436214,10.360082304526749,0.08413130144032922,11.5,5.031491539673354
11,20,0.00010056584362139918,0.0022555298353909466,-14.871270576131687,0.2743152006172839,11.5,5.74170770778678
11,21,0.0002183641975308642,0.003150655864197531,6.464441872427984,0.27395769032921813,11.5,6.78180896875
11,22,5.407664609053498e-05,0.001534593621399177,-6.150913065843621,0.5703677983539095,11.5,7.108606355838478
11,23,0.000309863683127572,0.004211162551440329,-4.97363683127572,0.5090444958847736,11.5,8.175757728587964
11,24,1.0480967078189301e-05,0.001500192901234568,-10.502379115226338,0.5542830504115226,11.5,9.306897276170268
11,25,0.0002553369341563786,0.006781764403292181,-16.581147119341562,0.2493280606995885,11.5,8.360205192644033
11,26,1.646090534979424e-05,0.0015911779835390948,2.9659850823045266,0.20231352880658438,11.5,6.544350187567837
11,27,0.00013020833333333333,0.002711226851851852,20.007201646090536,0.2851105967078189,11.5,7.528460494341564
11,28,0.00020666152263374487,0.005516010802469135,-10.277713477366255,0.1377481995884774,11.5,8.45401351414609
11,29,1.0545267489711934e-05,0.00150733024691358,-4.234503600823046,0.027667824074074074,11.5,6.258922547646605
11,30,1.02880658436214e-05,0.0014547325102880657,-2.2105195473251027,0.03309284979423868,11.5,5.75745962191358
12,1,1.0738168724279836e-05,0.0014537037037037036,4.673996913580247,0.11158822016460906,11.5,5.765659814879115
12,2,9.580761316872428e-06,0.0014537037037037036,16.51228137860082,0.32191743827160496,11.5,3.883751746527778
12,3,9.25925925925926e-06,0.0014537037037037036,22.371913580246915,0.2774009773662552,11.5,2.393654883631301
12,4,1.5753600823045267e-05,0.0014537037037037036,20.623906893004115,0.2217650462962963,11.5,1.5892135043627829
12,5,0.0003561599794238683,0.006575102880658436,1.2399048353909465,0.015332433127572018,11.5,2.9366363175797328
12,6,4.623199588477366e-05,0.0015016075102880658,-12.479102366255145,0.0663085133744856,11.5,5.4118422451774695
12,7,6.957304526748971e-05,0.0015788966049382716,-24.214184670781894,0.1362332818930041,11.5,4.6508054681712965
12,8,3.350051440329218e-05,0.0015479038065843622,-26.588798868312757,0.23929848251028807,11.5,3.0229183057062112
12,9,2.2505144032921812e-05,0.0014328703703703704,0.08037551440329219,0.034289480452674895,11.5,-0.0626927742813786
12,10,1.9225823045267488e-05,0.0014259259259259258,-20.55594135802469,0.1795801183127572,11.5,-0.3230912545803479
12,11,2.224794238683128e-05,0.0014629629629629628,1.5695730452674896,0.11249871399176954,11.5,0.8357439475005144
12,12,1.9161522633744857e-05,0.0014259259259259258,6.950102880658436,0.04855645576131687,11.5,-2.100417419230935
12,13,1.851851851851852e-05,0.0014259259259259258,19.495563271604937,0.0884053497942387,11.5,-2.7612343563011574
12,14,1.961162551440329e-05,0.0014363425925925926,0.8528163580246914,0.030894418724279837,11.5,-2.7790549801195796
12,15,1.9097222222222222e-05,0.0014259259259259258,-0.5158179012345679,0.0175,11.5,-3.8123604284475823
12,16,2.2569444444444447e-05,0.0014379501028806583,-0.597608024691358,0.0465599279835391,11.5,-0.9851850950556906
12,17,1.8647119341563785e-05,0.0014259259259259258,8.44335133744856,0.04127893518518519,11.5,-4.579295054295267
12,18,5.555555555555556e-05,0.001476466049382716,16.273083847736626,0.1385159465020576,11.5,-2.7203973339323753
12,19,0.00025128600823045265,0.006434413580246914,-7.901041666666667,0.8418344907407407,11.5,8.742357918119858
12,20,0.0008816872427983539,0.007862718621399178,-10.701710390946502,0.5388869598765432,11.5,10.542367023984054
12,21,0.00018704989711934157,0.0038931327160493827,-8.375,0.21197659465020574,11.5,8.603094612911521
12,22,0.0004605838477366255,0.008865354938271605,-17.188143004115226,0.23524498456790124,11.5,9.617383775398663
12,23,0.0006446116255144033,0.009220679012345679,-26.006301440329217,0.645798611111111,11.5,10.679982257073046
12,24,0.0002547582304526749,0.006831018518518518,-22.940522119341562,0.3783641975308642,11.5,9.992734092592594
12,25,0.001149948559670782,0.011984696502057612,-2.2346322016460904,0.10173482510288066,11.5,9.707576671553499
12,26,7.638888888888889e-05,0.002845679012345679,-31.543659979423868,0.4268389917695473,11.5,7.667252591949588
12,27,2.2955246913580246e-05,0.002026041666666667,-17.635480967078188,0.5295428240740742,11.5,5.715039461484054
12,28,0.00013612397119341563,0.0029863040123456787,-22.937307098765434,1.1292380401234567,11.5,9.191508249678497
12,29,0.00047672325102880654,0.011062628600823046,-34.566229423868315,1.0913361625514402,11.5,9.491214672325102
12,30,0.00030549125514403293,0.004416345164609054,-4.54835390946502,0.7752038323045267,11.5,9.037071029320987
12,31,0.00010011574074074073,0.0028440715020576135,-27.65940072016461,1.46879308127572,11.5,15.203930162808641
