date,heavy,car,bike,pedestrian,timezone,description,month,day,hour,year
00:00 01-06-2022,0.0,0.0,0.0,0.0,Europe/Brussels,MP 05: Calvariekapel KU Leuven,6,1,0,2022
01:00 01-06-2022,0.0,0.0,0.0,0.0,Europe/Brussels,MP 05: Calvariekapel KU Leuven,6,1,1,2022
02:00 01-06-2022,0.0,0.0,0.0,0.0,Europe/Brussels,MP 05: Calvariekapel KU Leuven,6,1,2,2022
03:00 01-06-2022,20.5323193916,6.8441064639,20.5323193916,0.0,Europe/Brussels,MP 05: Calvariekapel KU Leuven,6,1,3,2022
04:00 01-06-2022,37.8947368421,87.1578947368,56.8421052632,2.5263157895,Europe/Brussels,MP 05: Calvariekapel KU Leuven,6,1,4,2022
05:00 01-06-2022,33.9979013641,156.1385099685,175.0262329486,2.518363064,Europe/Brussels,MP 05: Calvariekapel KU Leuven,6,1,5,2022
06:00 01-06-2022,49.1512915129,263.0258302583,475.5719557196,19.926199262,Europe/Brussels,MP 05: Calvariekapel KU Leuven,6,1,6,2022
07:00 01-06-2022,29.1176470588,210.4411764706,338.8235294118,9.2647058824,Europe/Brussels,MP 05: Calvariekapel KU Leuven,6,1,7,2022
08:00 01-06-2022,34.386480529,197.0609845702,234.092578986,13.2255694342,Europe/Brussels,MP 05: Calvariekapel KU Leuven,6,1,8,2022
09:00 01-06-2022,14.6558105107,242.4870466321,182.5314581791,9.3264248705,Europe/Brussels,MP 05: Calvariekapel KU Leuven,6,1,9,2022
10:00 01-06-2022,16.9565217391,219.1304347826,292.1739130435,13.0434782609,Europe/Brussels,MP 05: Calvariekapel KU Leuven,6,1,10,2022
11:00 01-06-2022,22.8169014085,238.3098591549,287.7464788732,13.9436619718,Europe/Brussels,MP 05: Calvariekapel KU Leuven,6,1,11,2022
12:00 01-06-2022,23.2091690544,232.0916905444,300.4297994269,16.7621776504,Europe/Brussels,MP 05: Calvariekapel KU Leuven,6,1,12,2022
13:00 01-06-2022,29.8507462687,165.671641791,328.3582089552,32.8358208955,Europe/Brussels,MP 05: Calvariekapel KU Leuven,6,1,13,2022
14:00 01-06-2022,33.900760594,159.0727997102,367.692864904,23.4697573343,Europe/Brussels,MP 05: Calvariekapel KU Leuven,6,1,14,2022
15:00 01-06-2022,15.8273381295,164.0287769784,407.1942446043,18.7050359712,Europe/Brussels,MP 05: Calvariekapel KU Leuven,6,1,15,2022
16:00 01-06-2022,17.2058823529,156.1764705882,460.5882352941,23.8235294118,Europe/Brussels,MP 05: Calvariekapel KU Leuven,6,1,16,2022
17:00 01-06-2022,15.640839971,97.755249819,372.773352643,37.7986965967,Europe/Brussels,MP 05: Calvariekapel KU Leuven,6,1,17,2022
18:00 01-06-2022,14.0127388535,95.5414012739,240.7643312102,14.0127388535,Europe/Brussels,MP 05: Calvariekapel KU Leuven,6,1,18,2022
19:00 01-06-2022,14.4827586207,105.5172413793,347.5862068966,22.7586206897,Europe/Brussels,MP 05: Calvariekapel KU Leuven,6,1,19,2022
20:00 01-06-2022,0.0,0.0,0.0,0.0,Europe/Brussels,MP 05: Calvariekapel KU Leuven,6,1,20,2022
21:00 01-06-2022,0.0,0.0,0.0,0.0,Europe/Brussels,MP 05: Calvariekapel KU Leuven,6,1,21,2022
22:00 01-06-2022,0.0,0.0,0.0,0.0,Europe/Brussels,MP 05: Calvariekapel KU Leuven,6,1,22,2022
23:00 01-06-2022,0.0,0.0,0.0,0.0,Europe/Brussels,MP 05: Calvariekapel KU Leuven,6,1,23,2022
00:00 02-06-2022,0.0,0.0,0.0,0.0,Europe/Brussels,MP 05: Calvariekapel KU Leuven,6,2,0,2022
01:00 02-06-2022,0.0,0.0,0.0,0.0,Europe/Brussels,MP 05: Calvariekapel KU Leuven,6,2,1,2022
02:00 02-06-2022,0.0,0.0,0.0,0.0,Europe/Brussels,MP 05: Calvariekapel KU Leuven,6,2,2,2022
03:00 02-06-2022,15.652173913,39.1304347826,7.8260869565,0.0,Europe/Brussels,MP 05: Calvariekapel KU Leuven,6,2,3,2022
04:00 02-06-2022,33.8675958188,74.0069686411,71.4982578397,3.7630662021,Europe/Brussels,MP 05: Calvariekapel KU Leuven,6,2,4,2022
05:00 02-06-2022,36.6959578207,103.7609841828,206.2565905097,6.3268892794,Europe/Brussels,MP 05: Calvariekapel KU Leuven,6,2,5,2022
06:00 02-06-2022,53.4588917059,219.0510684535,550.2354219486,9.1271278522,Europe/Brussels,MP 05: Calvariekapel KU Leuven,6,2,6,2022
07:00 02-06-2022,45.4381536242,154.4897223224,301.1900468806,23.3681932925,Europe/Brussels,MP 05: Calvariekapel KU Leuven,6,2,7,2022
08:00 02-06-2022,51.7508293402,183.1183192038,278.6583118319,15.9233321047,Europe/Brussels,MP 05: Calvariekapel KU Leuven,6,2,8,2022
09:00 02-06-2022,17.02798581,198.6598344501,228.4588096177,8.513992905,Europe/Brussels,MP 05: Calvariekapel KU Leuven,6,2,9,2022
10:00 02-06-2022,7.630351844,198.389147944,293.0055108097,9.1564222128,Europe/Brussels,MP 05: Calvariekapel KU Leuven,6,2,10,2022
11:00 02-06-2022,33.2263242376,239.8073836276,327.9293739968,0.0,Europe/Brussels,MP 05: Calvariekapel KU Leuven,6,2,11,2022
12:00 02-06-2022,54.5218520121,200.9519688447,277.2825616616,0.0,Europe/Brussels,MP 05: Calvariekapel KU Leuven,6,2,12,2022
13:00 02-06-2022,33.5403726708,156.5217391304,301.8633540373,0.0,Europe/Brussels,MP 05: Calvariekapel KU Leuven,6,2,13,2022
14:00 02-06-2022,24.6364414029,143.1993156544,298.7168520103,6.1591103507,Europe/Brussels,MP 05: Calvariekapel KU Leuven,6,2,14,2022
15:00 02-06-2022,10.8474576271,107.1186440678,142.3728813559,8.1355932203,Europe/Brussels,MP 05: Calvariekapel KU Leuven,6,2,15,2022
16:00 02-06-2022,23.5465116279,150.4360465116,504.9418604651,18.3139534884,Europe/Brussels,MP 05: Calvariekapel KU Leuven,6,2,16,2022
17:00 02-06-2022,16.9014084507,106.6088840737,501.8418201517,58.5048754063,Europe/Brussels,MP 05: Calvariekapel KU Leuven,6,2,17,2022
18:00 02-06-2022,10.2309058615,90.7992895204,223.8010657194,5.1154529307,Europe/Brussels,MP 05: Calvariekapel KU Leuven,6,2,18,2022
19:00 02-06-2022,8.2004555809,118.9066059226,295.2164009112,2.0501138952,Europe/Brussels,MP 05: Calvariekapel KU Leuven,6,2,19,2022
20:00 02-06-2022,0.0,0.0,0.0,0.0,Europe/Brussels,MP 05: Calvariekapel KU Leuven,6,2,20,2022
21:00 02-06-2022,0.0,0.0,0.0,0.0,Europe/Brussels,MP 05: Calvariekapel KU Leuven,6,2,21,2022
22:00 02-06-2022,0.0,0.0,0.0,0.0,Europe/Brussels,MP 05: Calvariekapel KU Leuven,6,2,22,2022
23:00 02-06-2022,0.0,0.0,0.0,0.0,Europe/Brussels,MP 05: Calvariekapel KU Leuven,6,2,23,2022
00:00 03-06-2022,0.0,0.0,0.0,0.0,Europe/Brussels,MP 05: Calvariekapel KU Leuven,6,3,0,2022
01:00 03-06-2022,0.0,0.0,0.0,0.0,Europe/Brussels,MP 05: Calvariekapel KU Leuven,6,3,1,2022
02:00 03-06-2022,0.0,0.0,0.0,0.0,Europe/Brussels,MP 05: Calvariekapel KU Leuven,6,3,2,2022
03:00 03-06-2022,16.2162162162,24.3243243243,56.7567567568,0.0,Europe/Brussels,MP 05: Calvariekapel KU Leuven,6,3,3,2022
04:00 03-06-2022,23.6269430052,73.3678756477,53.4715025907,1.2435233161,Europe/Brussels,MP 05: Calvariekapel KU Leuven,6,3,4,2022
05:00 03-06-2022,41.8015482055,107.6706544687,168.4729064039,1.266713582,Europe/Brussels,MP 05: Calvariekapel KU Leuven,6,3,5,2022
06:00 03-06-2022,45.0643776824,233.0472103004,506.008583691,19.313304721,Europe/Brussels,MP 05: Calvariekapel KU Leuven,6,3,6,2022
07:00 03-06-2022,50.1070663812,170.8779443255,355.8886509636,11.5631691649,Europe/Brussels,MP 05: Calvariekapel KU Leuven,6,3,7,2022
08:00 03-06-2022,33.1034482759,155.8620689655,331.0344827586,12.4137931034,Europe/Brussels,MP 05: Calvariekapel KU Leuven,6,3,8,2022
09:00 03-06-2022,50.2571638501,202.3512123439,259.2211609111,7.9353416605,Europe/Brussels,MP 05: Calvariekapel KU Leuven,6,3,9,2022
10:00 03-06-2022,31.0466483732,179.2238337907,303.4104272834,28.2242257938,Europe/Brussels,MP 05: Calvariekapel KU Leuven,6,3,10,2022
11:00 03-06-2022,32.2234156821,174.0064446831,396.992481203,10.3114930183,Europe/Brussels,MP 05: Calvariekapel KU Leuven,6,3,11,2022
12:00 03-06-2022,24.9710982659,177.5722543353,375.9537572254,13.8728323699,Europe/Brussels,MP 05: Calvariekapel KU Leuven,6,3,12,2022
13:00 03-06-2022,31.6344463972,222.7065026362,465.6590509666,7.5922671353,Europe/Brussels,MP 05: Calvariekapel KU Leuven,6,3,13,2022
14:00 03-06-2022,28.3667621777,202.435530086,528.6532951289,16.7621776504,Europe/Brussels,MP 05: Calvariekapel KU Leuven,6,3,14,2022
15:00 03-06-2022,16.6904422254,193.8659058488,499.4293865906,17.9743223966,Europe/Brussels,MP 05: Calvariekapel KU Leuven,6,3,15,2022
16:00 03-06-2022,19.2444761226,183.4640057021,505.4882394868,15.3955808981,Europe/Brussels,MP 05: Calvariekapel KU Leuven,6,3,16,2022
17:00 03-06-2022,11.3247116393,208.8780146802,454.2467668647,7.5498077595,Europe/Brussels,MP 05: Calvariekapel KU Leuven,6,3,17,2022
18:00 03-06-2022,12.8479657388,161.8843683084,298.0728051392,7.7087794433,Europe/Brussels,MP 05: Calvariekapel KU Leuven,6,3,18,2022
19:00 03-06-2022,13.881748072,138.8174807198,310.0257069409,0.0,Europe/Brussels,MP 05: Calvariekapel KU Leuven,6,3,19,2022
20:00 03-06-2022,0.0,0.0,0.0,0.0,Europe/Brussels,MP 05: Calvariekapel KU Leuven,6,3,20,2022
21:00 03-06-2022,0.0,0.0,0.0,0.0,Europe/Brussels,MP 05: Calvariekapel KU Leuven,6,3,21,2022
22:00 03-06-2022,0.0,0.0,0.0,0.0,Europe/Brussels,MP 05: Calvariekapel KU Leuven,6,3,22,2022
23:00 03-06-2022,0.0,0.0,0.0,0.0,Europe/Brussels,MP 05: Calvariekapel KU Leuven,6,3,23,2022
00:00 04-06-2022,0.0,0.0,0.0,0.0,Europe/Brussels,MP 05: Calvariekapel KU Leuven,6,4,0,2022
01:00 04-06-2022,0.0,0.0,0.0,0.0,Europe/Brussels,MP 05: Calvariekapel KU Leuven,6,4,1,2022
02:00 04-06-2022,0.0,0.0,0.0,0.0,Europe/Brussels,MP 05: Calvariekapel KU Leuven,6,4,2,2022
03:00 04-06-2022,0.0,41.0646387833,13.6882129278,0.0,Europe/Brussels,MP 05: Calvariekapel KU Leuven,6,4,3,2022
04:00 04-06-2022,6.2630480167,43.8413361169,27.5574112735,3.75782881,Europe/Brussels,MP 05: Calvariekapel KU Leuven,6,4,4,2022
05:00 04-06-2022,23.7830319889,42.5591098748,27.5382475661,5.0069541029,Europe/Brussels,MP 05: Calvariekapel KU Leuven,6,4,5,2022
06:00 04-06-2022,17.5060784995,83.7790899618,98.7843001042,5.0017367141,Europe/Brussels,MP 05: Calvariekapel KU Leuven,6,4,6,2022
07:00 04-06-2022,12.4309392265,96.9613259669,164.0883977901,8.7016574586,Europe/Brussels,MP 05: Calvariekapel KU Leuven,6,4,7,2022
08:00 04-06-2022,15.3736654804,146.0498220641,271.6014234875,21.7793594306,Europe/Brussels,MP 05: Calvariekapel KU Leuven,6,4,8,2022
09:00 04-06-2022,1.3333333333,160.0,257.3333333333,13.3333333333,Europe/Brussels,MP 05: Calvariekapel KU Leuven,6,4,9,2022
10:00 04-06-2022,21.2264150943,182.5471698113,210.8490566038,7.0754716981,Europe/Brussels,MP 05: Calvariekapel KU Leuven,6,4,10,2022
11:00 04-06-2022,12.5043417853,170.0590482807,258.8398749566,1.2504341785,Europe/Brussels,MP 05: Calvariekapel KU Leuven,6,4,11,2022
12:00 04-06-2022,14.044213264,190.3771131339,265.2795838752,0.0,Europe/Brussels,MP 05: Calvariekapel KU Leuven,6,4,12,2022
13:00 04-06-2022,0.0,242.9447852761,176.6871165644,0.0,Europe/Brussels,MP 05: Calvariekapel KU Leuven,6,4,13,2022
14:00 04-06-2022,7.6824583867,107.5544174136,245.8386683739,29.1933418694,Europe/Brussels,MP 05: Calvariekapel KU Leuven,6,4,14,2022
15:00 04-06-2022,8.1355932203,82.7118644068,176.2711864407,8.1355932203,Europe/Brussels,MP 05: Calvariekapel KU Leuven,6,4,15,2022
16:00 04-06-2022,15.5451601295,141.2018711767,388.6290032386,16.8405901403,Europe/Brussels,MP 05: Calvariekapel KU Leuven,6,4,16,2022
17:00 04-06-2022,13.914265636,127.7582572031,360.5059732959,11.3843991567,Europe/Brussels,MP 05: Calvariekapel KU Leuven,6,4,17,2022
18:00 04-06-2022,9.0843547224,140.1586157174,256.9574621485,3.893294881,Europe/Brussels,MP 05: Calvariekapel KU Leuven,6,4,18,2022
19:00 04-06-2022,12.6138752628,133.7070777856,214.4358794674,5.0455501051,Europe/Brussels,MP 05: Calvariekapel KU Leuven,6,4,19,2022
20:00 04-06-2022,0.0,0.0,0.0,0.0,Europe/Brussels,MP 05: Calvariekapel KU Leuven,6,4,20,2022
21:00 04-06-2022,0.0,0.0,0.0,0.0,Europe/Brussels,MP 05: Calvariekapel KU Leuven,6,4,21,2022
22:00 04-06-2022,0.0,0.0,0.0,0.0,Europe/Brussels,MP 05: Calvariekapel KU Leuven,6,4,22,2022
23:00 04-06-2022,0.0,0.0,0.0,0.0,Europe/Brussels,MP 05: Calvariekapel KU Leuven,6,4,23,2022
00:00 05-06-2022,0.0,0.0,0.0,0.0,Europe/Brussels,MP 05: Calvariekapel KU Leuven,6,5,0,2022
01:00 05-06-2022,0.0,0.0,0.0,0.0,Europe/Brussels,MP 05: Calvariekapel KU Leuven,6,5,1,2022
02:00 05-06-2022,0.0,0.0,0.0,0.0,Europe/Brussels,MP 05: Calvariekapel KU Leuven,6,5,2,2022
03:00 05-06-2022,0.0,24.6575342466,12.3287671233,0.0,Europe/Brussels,MP 05: Calvariekapel KU Leuven,6,5,3,2022
04:00 05-06-2022,4.0800906687,21.7604835663,21.7604835663,6.8001511145,Europe/Brussels,MP 05: Calvariekapel KU Leuven,6,5,4,2022
05:00 05-06-2022,4.9965301874,22.4843858432,22.4843858432,0.0,Europe/Brussels,MP 05: Calvariekapel KU Leuven,6,5,5,2022
06:00 05-06-2022,9.9447513812,38.5359116022,63.3977900552,4.9723756906,Europe/Brussels,MP 05: Calvariekapel KU Leuven,6,5,6,2022
07:00 05-06-2022,7.6433121019,70.0636942675,133.7579617834,7.6433121019,Europe/Brussels,MP 05: Calvariekapel KU Leuven,6,5,7,2022
08:00 05-06-2022,9.996528983,98.715723707,136.2027073933,9.996528983,Europe/Brussels,MP 05: Calvariekapel KU Leuven,6,5,8,2022
09:00 05-06-2022,5.6293979672,115.4026583268,129.4761532447,7.036747459,Europe/Brussels,MP 05: Calvariekapel KU Leuven,6,5,9,2022
10:00 05-06-2022,11.5590438816,137.4241883696,113.0217623974,12.8433820906,Europe/Brussels,MP 05: Calvariekapel KU Leuven,6,5,10,2022
11:00 05-06-2022,10.3041144902,135.2415026834,130.0894454383,2.5760286225,Europe/Brussels,MP 05: Calvariekapel KU Leuven,6,5,11,2022
12:00 05-06-2022,7.5577326802,114.6256123163,107.0678796361,5.0384884535,Europe/Brussels,MP 05: Calvariekapel KU Leuven,6,5,12,2022
13:00 05-06-2022,7.6002814919,121.6045038705,114.0042223786,11.4004222379,Europe/Brussels,MP 05: Calvariekapel KU Leuven,6,5,13,2022
14:00 05-06-2022,16.5195905401,139.7811507236,151.2177903283,12.7073773385,Europe/Brussels,MP 05: Calvariekapel KU Leuven,6,5,14,2022
15:00 05-06-2022,6.4011379801,163.8691322902,152.347083926,8.9615931721,Europe/Brussels,MP 05: Calvariekapel KU Leuven,6,5,15,2022
16:00 05-06-2022,8.9584073942,175.3288304301,268.7522218272,17.9168147885,Europe/Brussels,MP 05: Calvariekapel KU Leuven,6,5,16,2022
17:00 05-06-2022,11.3365990203,170.0489853044,262.0013995801,13.855843247,Europe/Brussels,MP 05: Calvariekapel KU Leuven,6,5,17,2022
18:00 05-06-2022,8.362369338,190.243902439,221.6027874564,10.4529616725,Europe/Brussels,MP 05: Calvariekapel KU Leuven,6,5,18,2022
19:00 05-06-2022,5.8679706601,123.2273838631,126.1613691932,5.8679706601,Europe/Brussels,MP 05: Calvariekapel KU Leuven,6,5,19,2022
20:00 05-06-2022,0.0,0.0,0.0,0.0,Europe/Brussels,MP 05: Calvariekapel KU Leuven,6,5,20,2022
21:00 05-06-2022,0.0,0.0,0.0,0.0,Europe/Brussels,MP 05: Calvariekapel KU Leuven,6,5,21,2022
22:00 05-06-2022,0.0,0.0,0.0,0.0,Europe/Brussels,MP 05: Calvariekapel KU Leuven,6,5,22,2022
23:00 05-06-2022,0.0,0.0,0.0,0.0,Europe/Brussels,MP 05: Calvariekapel KU Leuven,6,5,23,2022
00:00 06-06-2022,0.0,0.0,0.0,0.0,Europe/Brussels,MP 05: Calvariekapel KU Leuven,6,6,0,2022
01:00 06-06-2022,0.0,0.0,0.0,0.0,Europe/Brussels,MP 05: Calvariekapel KU Leuven,6,6,1,2022
02:00 06-06-2022,0.0,0.0,0.0,0.0,Europe/Brussels,MP 05: Calvariekapel KU Leuven,6,6,2,2022
03:00 06-06-2022,0.0,8.2098061574,4.1049030787,0.0,Europe/Brussels,MP 05: Calvariekapel KU Leuven,6,6,3,2022
04:00 06-06-2022,1.2486992716,31.2174817898,21.2278876171,0.0,Europe/Brussels,MP 05: Calvariekapel KU Leuven,6,6,4,2022
05:00 06-06-2022,7.5630252101,13.8655462185,27.731092437,3.781512605,Europe/Brussels,MP 05: Calvariekapel KU Leuven,6,6,5,2022
06:00 06-06-2022,7.6002814919,46.8684025334,97.5369458128,0.0,Europe/Brussels,MP 05: Calvariekapel KU Leuven,6,6,6,2022
07:00 06-06-2022,11.7689792953,66.6908826734,100.6901561932,5.2306574646,Europe/Brussels,MP 05: Calvariekapel KU Leuven,6,6,7,2022
08:00 06-06-2022,4.1747197526,112.7174333204,108.5427135678,11.132586007,Europe/Brussels,MP 05: Calvariekapel KU Leuven,6,6,8,2022
09:00 06-06-2022,22.0605132133,130.9842972041,113.0601302183,11.0302566067,Europe/Brussels,MP 05: Calvariekapel KU Leuven,6,6,9,2022
10:00 06-06-2022,11.4512922465,156.0238568588,144.5725646123,22.902584493,Europe/Brussels,MP 05: Calvariekapel KU Leuven,6,6,10,2022
11:00 06-06-2022,4.2072458122,141.6439423452,235.605765485,16.8289832489,Europe/Brussels,MP 05: Calvariekapel KU Leuven,6,6,11,2022
12:00 06-06-2022,8.2790341127,118.6661556152,222.1540820238,19.3177462629,Europe/Brussels,MP 05: Calvariekapel KU Leuven,6,6,12,2022
13:00 06-06-2022,11.4975159688,143.0801987225,327.0404542229,21.7175301632,Europe/Brussels,MP 05: Calvariekapel KU Leuven,6,6,13,2022
14:00 06-06-2022,12.61829653,166.5615141956,258.6750788644,15.141955836,Europe/Brussels,MP 05: Calvariekapel KU Leuven,6,6,14,2022
15:00 06-06-2022,13.8606930347,182.7091354568,253.2726636332,11.3405670284,Europe/Brussels,MP 05: Calvariekapel KU Leuven,6,6,15,2022
16:00 06-06-2022,11.5097690941,204.6181172291,319.7158081705,16.6252220249,Europe/Brussels,MP 05: Calvariekapel KU Leuven,6,6,16,2022
17:00 06-06-2022,11.3445378151,151.2605042017,341.5966386555,20.1680672269,Europe/Brussels,MP 05: Calvariekapel KU Leuven,6,6,17,2022
18:00 06-06-2022,12.729844413,138.7553041018,316.973125884,14.0028288543,Europe/Brussels,MP 05: Calvariekapel KU Leuven,6,6,18,2022
19:00 06-06-2022,1.8917498686,104.0462427746,262.9532317394,18.9174986863,Europe/Brussels,MP 05: Calvariekapel KU Leuven,6,6,19,2022
20:00 06-06-2022,0.0,0.0,0.0,0.0,Europe/Brussels,MP 05: Calvariekapel KU Leuven,6,6,20,2022
21:00 06-06-2022,0.0,0.0,0.0,0.0,Europe/Brussels,MP 05: Calvariekapel KU Leuven,6,6,21,2022
22:00 06-06-2022,0.0,0.0,0.0,0.0,Europe/Brussels,MP 05: Calvariekapel KU Leuven,6,6,22,2022
23:00 06-06-2022,0.0,0.0,0.0,0.0,Europe/Brussels,MP 05: Calvariekapel KU Leuven,6,6,23,2022
00:00 07-06-2022,0.0,0.0,0.0,0.0,Europe/Brussels,MP 05: Calvariekapel KU Leuven,6,7,0,2022
01:00 07-06-2022,0.0,0.0,0.0,0.0,Europe/Brussels,MP 05: Calvariekapel KU Leuven,6,7,1,2022
02:00 07-06-2022,0.0,0.0,0.0,0.0,Europe/Brussels,MP 05: Calvariekapel KU Leuven,6,7,2,2022
03:00 07-06-2022,12.676056338,38.0281690141,6.338028169,0.0,Europe/Brussels,MP 05: Calvariekapel KU Leuven,6,7,3,2022
04:00 07-06-2022,36.9426751592,123.5668789809,40.7643312102,1.2738853503,Europe/Brussels,MP 05: Calvariekapel KU Leuven,6,7,4,2022
05:00 07-06-2022,32.7960756833,162.71899089,185.423966363,2.5227750526,Europe/Brussels,MP 05: Calvariekapel KU Leuven,6,7,5,2022
06:00 07-06-2022,43.5897435897,285.8974358974,505.1282051282,10.2564102564,Europe/Brussels,MP 05: Calvariekapel KU Leuven,6,7,6,2022
07:00 07-06-2022,63.6492220651,236.775106082,295.3323903819,7.6379066478,Europe/Brussels,MP 05: Calvariekapel KU Leuven,6,7,7,2022
08:00 07-06-2022,58.6609989373,195.1115834219,252.4973432519,7.651434644,Europe/Brussels,MP 05: Calvariekapel KU Leuven,6,7,8,2022
09:00 07-06-2022,51.0276399717,236.0028348689,219.4188518781,7.6541459957,Europe/Brussels,MP 05: Calvariekapel KU Leuven,6,7,9,2022
10:00 07-06-2022,30.6491663711,228.5916991841,348.6342674707,16.6016317843,Europe/Brussels,MP 05: Calvariekapel KU Leuven,6,7,10,2022
11:00 07-06-2022,33.3927934356,164.3952907599,247.8772743489,24.4024259722,Europe/Brussels,MP 05: Calvariekapel KU Leuven,6,7,11,2022
12:00 07-06-2022,34.8012889366,172.7175080559,259.0762620838,11.6004296455,Europe/Brussels,MP 05: Calvariekapel KU Leuven,6,7,12,2022
13:00 07-06-2022,20.6525636429,246.5399784869,339.4765148799,12.9078522768,Europe/Brussels,MP 05: Calvariekapel KU Leuven,6,7,13,2022
14:00 07-06-2022,23.6151603499,238.7755102041,368.6588921283,17.055393586,Europe/Brussels,MP 05: Calvariekapel KU Leuven,6,7,14,2022
15:00 07-06-2022,23.5208711434,246.9691470054,436.442831216,19.6007259528,Europe/Brussels,MP 05: Calvariekapel KU Leuven,6,7,15,2022
16:00 07-06-2022,15.8532110092,165.1376146789,400.2935779817,18.495412844,Europe/Brussels,MP 05: Calvariekapel KU Leuven,6,7,16,2022
17:00 07-06-2022,6.7924528302,112.7547169811,267.6226415094,32.6037735849,Europe/Brussels,MP 05: Calvariekapel KU Leuven,6,7,17,2022
18:00 07-06-2022,8.029739777,101.7100371747,195.3903345725,24.0892193309,Europe/Brussels,MP 05: Calvariekapel KU Leuven,6,7,18,2022
19:00 07-06-2022,12.323491656,101.6688061617,269.5763799743,12.323491656,Europe/Brussels,MP 05: Calvariekapel KU Leuven,6,7,19,2022
20:00 07-06-2022,0.0,0.0,0.0,0.0,Europe/Brussels,MP 05: Calvariekapel KU Leuven,6,7,20,2022
21:00 07-06-2022,0.0,0.0,0.0,0.0,Europe/Brussels,MP 05: Calvariekapel KU Leuven,6,7,21,2022
22:00 07-06-2022,0.0,0.0,0.0,0.0,Europe/Brussels,MP 05: Calvariekapel KU Leuven,6,7,22,2022
23:00 07-06-2022,0.0,0.0,0.0,0.0,Europe/Brussels,MP 05: Calvariekapel KU Leuven,6,7,23,2022
00:00 08-06-2022,0.0,0.0,0.0,0.0,Europe/Brussels,MP 05: Calvariekapel KU Leuven,6,8,0,2022
01:00 08-06-2022,0.0,0.0,0.0,0.0,Europe/Brussels,MP 05: Calvariekapel KU Leuven,6,8,1,2022
02:00 08-06-2022,0.0,0.0,0.0,0.0,Europe/Brussels,MP 05: Calvariekapel KU Leuven,6,8,2,2022
03:00 08-06-2022,0.0,37.1134020619,12.3711340206,0.0,Europe/Brussels,MP 05: Calvariekapel KU Leuven,6,8,3,2022
04:00 08-06-2022,35.4679802956,98.219022357,64.1151951497,1.3641530883,Europe/Brussels,MP 05: Calvariekapel KU Leuven,6,8,4,2022
05:00 08-06-2022,41.5239426774,159.8042642433,130.8633344984,5.033205173,Europe/Brussels,MP 05: Calvariekapel KU Leuven,6,8,5,2022
06:00 08-06-2022,68.9804772234,374.8373101952,373.5357917571,7.8091106291,Europe/Brussels,MP 05: Calvariekapel KU Leuven,6,8,6,2022
07:00 08-06-2022,75.5065766086,208.6029150373,246.9960895841,6.3988624245,Europe/Brussels,MP 05: Calvariekapel KU Leuven,6,8,7,2022
08:00 08-06-2022,67.6595744681,194.0425531915,182.5531914894,8.9361702128,Europe/Brussels,MP 05: Calvariekapel KU Leuven,6,8,8,2022
09:00 08-06-2022,52.9032258065,238.7096774194,171.6129032258,3.8709677419,Europe/Brussels,MP 05: Calvariekapel KU Leuven,6,8,9,2022
10:00 08-06-2022,52.6766595289,246.6809421842,335.3319057816,29.5503211991,Europe/Brussels,MP 05: Calvariekapel KU Leuven,6,8,10,2022
11:00 08-06-2022,51.0174418605,151.7441860465,170.0581395349,32.7034883721,Europe/Brussels,MP 05: Calvariekapel KU Leuven,6,8,11,2022
12:00 08-06-2022,24.2295430393,159.4048884166,192.5611052072,17.8533475027,Europe/Brussels,MP 05: Calvariekapel KU Leuven,6,8,12,2022
13:00 08-06-2022,44.9678800857,164.4539614561,176.017130621,6.4239828694,Europe/Brussels,MP 05: Calvariekapel KU Leuven,6,8,13,2022
14:00 08-06-2022,29.4034090909,180.2556818182,227.5568181818,6.3920454545,Europe/Brussels,MP 05: Calvariekapel KU Leuven,6,8,14,2022
15:00 08-06-2022,34.7763864043,158.4257602862,387.6923076923,18.0322003578,Europe/Brussels,MP 05: Calvariekapel KU Leuven,6,8,15,2022
16:00 08-06-2022,16.0415893056,224.5822502785,375.640549573,24.0623839584,Europe/Brussels,MP 05: Calvariekapel KU Leuven,6,8,16,2022
17:00 08-06-2022,9.3160813309,130.4251386322,355.3419593346,11.977818854,Europe/Brussels,MP 05: Calvariekapel KU Leuven,6,8,17,2022
18:00 08-06-2022,14.1025641026,144.8717948718,275.641025641,8.9743589744,Europe/Brussels,MP 05: Calvariekapel KU Leuven,6,8,18,2022
19:00 08-06-2022,6.5424806906,145.5701953657,274.784189005,6.5424806906,Europe/Brussels,MP 05: Calvariekapel KU Leuven,6,8,19,2022
20:00 08-06-2022,0.0,0.0,0.0,0.0,Europe/Brussels,MP 05: Calvariekapel KU Leuven,6,8,20,2022
21:00 08-06-2022,0.0,0.0,0.0,0.0,Europe/Brussels,MP 05: Calvariekapel KU Leuven,6,8,21,2022
22:00 08-06-2022,0.0,0.0,0.0,0.0,Europe/Brussels,MP 05: Calvariekapel KU Leuven,6,8,22,2022
23:00 08-06-2022,0.0,0.0,0.0,0.0,Europe/Brussels,MP 05: Calvariekapel KU Leuven,6,8,23,2022
00:00 09-06-2022,0.0,0.0,0.0,0.0,Europe/Brussels,MP 05: Calvariekapel KU Leuven,6,9,0,2022
01:00 09-06-2022,0.0,0.0,0.0,0.0,Europe/Brussels,MP 05: Calvariekapel KU Leuven,6,9,1,2022
02:00 09-06-2022,0.0,0.0,0.0,0.0,Europe/Brussels,MP 05: Calvariekapel KU Leuven,6,9,2,2022
03:00 09-06-2022,9.9037138927,19.8074277854,24.7592847318,0.0,Europe/Brussels,MP 05: Calvariekapel KU Leuven,6,9,3,2022
04:00 09-06-2022,33.8322311173,97.7375565611,57.6400974591,0.0,Europe/Brussels,MP 05: Calvariekapel KU Leuven,6,9,4,2022
05:00 09-06-2022,41.9936373277,165.4294803818,231.6012725345,7.6352067869,Europe/Brussels,MP 05: Calvariekapel KU Leuven,6,9,5,2022
06:00 09-06-2022,38.4478462086,347.3122107512,435.742257031,24.3503025988,Europe/Brussels,MP 05: Calvariekapel KU Leuven,6,9,6,2022
07:00 09-06-2022,50.3225806452,224.5161290323,280.0,9.0322580645,Europe/Brussels,MP 05: Calvariekapel KU Leuven,6,9,7,2022
08:00 09-06-2022,42.9850746269,200.1492537313,232.3880597015,16.1194029851,Europe/Brussels,MP 05: Calvariekapel KU Leuven,6,9,8,2022
09:00 09-06-2022,26.7956829178,259.9181243022,313.5094901377,6.6989207294,Europe/Brussels,MP 05: Calvariekapel KU Leuven,6,9,9,2022
10:00 09-06-2022,41.5384615385,259.6153846154,360.0,13.8461538462,Europe/Brussels,MP 05: Calvariekapel KU Leuven,6,9,10,2022
11:00 09-06-2022,17.1949630916,214.1554494138,261.0508033,10.9422492401,Europe/Brussels,MP 05: Calvariekapel KU Leuven,6,9,11,2022
12:00 09-06-2022,47.9087452471,176.5779467681,294.2965779468,1.3688212928,Europe/Brussels,MP 05: Calvariekapel KU Leuven,6,9,12,2022
13:00 09-06-2022,44.094488189,269.2913385827,368.5039370079,18.8976377953,Europe/Brussels,MP 05: Calvariekapel KU Leuven,6,9,13,2022
14:00 09-06-2022,47.5390156062,162.7851140456,314.0456182473,18.7274909964,Europe/Brussels,MP 05: Calvariekapel KU Leuven,6,9,14,2022
15:00 09-06-2022,14.7904683648,158.2580115037,352.013147083,26.6228430567,Europe/Brussels,MP 05: Calvariekapel KU Leuven,6,9,15,2022
16:00 09-06-2022,19.8456449835,168.02646086,448.5115766262,27.7839029768,Europe/Brussels,MP 05: Calvariekapel KU Leuven,6,9,16,2022
17:00 09-06-2022,18.0709931875,153.6034420939,434.9946217282,30.9788454643,Europe/Brussels,MP 05: Calvariekapel KU Leuven,6,9,17,2022
18:00 09-06-2022,11.6504854369,144.9838187702,305.501618123,16.8284789644,Europe/Brussels,MP 05: Calvariekapel KU Leuven,6,9,18,2022
19:00 09-06-2022,10.5439330544,138.5774058577,296.7364016736,16.5690376569,Europe/Brussels,MP 05: Calvariekapel KU Leuven,6,9,19,2022
20:00 09-06-2022,0.0,0.0,0.0,0.0,Europe/Brussels,MP 05: Calvariekapel KU Leuven,6,9,20,2022
21:00 09-06-2022,0.0,0.0,0.0,0.0,Europe/Brussels,MP 05: Calvariekapel KU Leuven,6,9,21,2022
22:00 09-06-2022,0.0,0.0,0.0,0.0,Europe/Brussels,MP 05: Calvariekapel KU Leuven,6,9,22,2022
23:00 09-06-2022,0.0,0.0,0.0,0.0,Europe/Brussels,MP 05: Calvariekapel KU Leuven,6,9,23,2022
00:00 10-06-2022,0.0,0.0,0.0,0.0,Europe/Brussels,MP 05: Calvariekapel KU Leuven,6,10,0,2022
01:00 10-06-2022,0.0,0.0,0.0,0.0,Europe/Brussels,MP 05: Calvariekapel KU Leuven,6,10,1,2022
02:00 10-06-2022,0.0,0.0,0.0,0.0,Europe/Brussels,MP 05: Calvariekapel KU Leuven,6,10,2,2022
03:00 10-06-2022,6.1855670103,61.8556701031,18.5567010309,0.0,Europe/Brussels,MP 05: Calvariekapel KU Leuven,6,10,3,2022
04:00 10-06-2022,24.0929904896,81.1553363861,55.7942937654,1.268052131,Europe/Brussels,MP 05: Calvariekapel KU Leuven,6,10,4,2022
05:00 10-06-2022,54.6996466431,183.1802120141,221.3427561837,2.5441696113,Europe/Brussels,MP 05: Calvariekapel KU Leuven,6,10,5,2022
06:00 10-06-2022,44.3349753695,281.2104152006,415.4820548909,6.3335679099,Europe/Brussels,MP 05: Calvariekapel KU Leuven,6,10,6,2022
07:00 10-06-2022,61.4602252089,215.7646204141,258.9175444969,10.4613149292,Europe/Brussels,MP 05: Calvariekapel KU Leuven,6,10,7,2022
08:00 10-06-2022,51.8847006652,256.7627494457,299.3348115299,22.6164079823,Europe/Brussels,MP 05: Calvariekapel KU Leuven,6,10,8,2022
09:00 10-06-2022,30.1419730615,289.6250455042,326.3196214052,17.0367673826,Europe/Brussels,MP 05: Calvariekapel KU Leuven,6,10,9,2022
10:00 10-06-2022,12.7886323268,228.5968028419,334.1030195382,14.3872113677,Europe/Brussels,MP 05: Calvariekapel KU Leuven,6,10,10,2022
11:00 10-06-2022,12.8342245989,245.1336898396,245.1336898396,6.4171122995,Europe/Brussels,MP 05: Calvariekapel KU Leuven,6,10,11,2022
12:00 10-06-2022,26.7083170636,181.3354158532,305.0370948848,19.6798125732,Europe/Brussels,MP 05: Calvariekapel KU Leuven,6,10,12,2022
13:00 10-06-2022,32.0284697509,279.2882562278,495.8007117438,21.7793594306,Europe/Brussels,MP 05: Calvariekapel KU Leuven,6,10,13,2022
14:00 10-06-2022,25.8064516129,289.0322580645,482.5806451613,28.3870967742,Europe/Brussels,MP 05: Calvariekapel KU Leuven,6,10,14,2022
15:00 10-06-2022,24.9180327869,275.4098360656,539.0163934426,20.9836065574,Europe/Brussels,MP 05: Calvariekapel KU Leuven,6,10,15,2022
16:00 10-06-2022,19.5086705202,282.225433526,530.6358381503,20.8092485549,Europe/Brussels,MP 05: Calvariekapel KU Leuven,6,10,16,2022
17:00 10-06-2022,17.9168147885,222.6804123711,436.402417348,7.6786349093,Europe/Brussels,MP 05: Calvariekapel KU Leuven,6,10,17,2022
18:00 10-06-2022,6.4493013257,228.3052669294,327.624507345,15.4783231817,Europe/Brussels,MP 05: Calvariekapel KU Leuven,6,10,18,2022
19:00 10-06-2022,7.8431372549,190.1960784314,288.2352941176,5.8823529412,Europe/Brussels,MP 05: Calvariekapel KU Leuven,6,10,19,2022
20:00 10-06-2022,0.0,0.0,0.0,0.0,Europe/Brussels,MP 05: Calvariekapel KU Leuven,6,10,20,2022
21:00 10-06-2022,0.0,0.0,0.0,0.0,Europe/Brussels,MP 05: Calvariekapel KU Leuven,6,10,21,2022
22:00 10-06-2022,0.0,0.0,0.0,0.0,Europe/Brussels,MP 05: Calvariekapel KU Leuven,6,10,22,2022
23:00 10-06-2022,0.0,0.0,0.0,0.0,Europe/Brussels,MP 05: Calvariekapel KU Leuven,6,10,23,2022
00:00 11-06-2022,0.0,0.0,0.0,0.0,Europe/Brussels,MP 05: Calvariekapel KU Leuven,6,11,0,2022
01:00 11-06-2022,0.0,0.0,0.0,0.0,Europe/Brussels,MP 05: Calvariekapel KU Leuven,6,11,1,2022
02:00 11-06-2022,0.0,0.0,0.0,0.0,Europe/Brussels,MP 05: Calvariekapel KU Leuven,6,11,2,2022
03:00 11-06-2022,0.0,110.9589041096,12.3287671233,12.3287671233,Europe/Brussels,MP 05: Calvariekapel KU Leuven,6,11,3,2022
04:00 11-06-2022,9.2749355907,39.7497239603,38.4247331616,1.3249907987,Europe/Brussels,MP 05: Calvariekapel KU Leuven,6,11,4,2022
05:00 11-06-2022,17.6904176904,103.6153036153,92.2428922429,5.0544050544,Europe/Brussels,MP 05: Calvariekapel KU Leuven,6,11,5,2022
06:00 11-06-2022,10.0348432056,91.5679442509,117.9094076655,7.5261324042,Europe/Brussels,MP 05: Calvariekapel KU Leuven,6,11,6,2022
07:00 11-06-2022,7.7474892396,154.949784792,180.774748924,7.7474892396,Europe/Brussels,MP 05: Calvariekapel KU Leuven,6,11,7,2022
08:00 11-06-2022,13.143483023,201.0952902519,261.5553121577,15.7721796276,Europe/Brussels,MP 05: Calvariekapel KU Leuven,6,11,8,2022
09:00 11-06-2022,12.7861089187,258.5635359116,254.3014996054,9.9447513812,Europe/Brussels,MP 05: Calvariekapel KU Leuven,6,11,9,2022
10:00 11-06-2022,1.285255266,145.2338450553,219.778650482,12.8525526598,Europe/Brussels,MP 05: Calvariekapel KU Leuven,6,11,10,2022
11:00 11-06-2022,12.356979405,264.9885583524,343.2494279176,0.0,Europe/Brussels,MP 05: Calvariekapel KU Leuven,6,11,11,2022
12:00 11-06-2022,11.1844660194,274.0194174757,355.1067961165,5.5922330097,Europe/Brussels,MP 05: Calvariekapel KU Leuven,6,11,12,2022
13:00 11-06-2022,31.186440678,199.3220338983,320.0,20.3389830508,Europe/Brussels,MP 05: Calvariekapel KU Leuven,6,11,13,2022
14:00 11-06-2022,13.6363636364,137.8787878788,193.9393939394,24.2424242424,Europe/Brussels,MP 05: Calvariekapel KU Leuven,6,11,14,2022
15:00 11-06-2022,4.2925278219,91.573926868,147.3767885533,8.5850556439,Europe/Brussels,MP 05: Calvariekapel KU Leuven,6,11,15,2022
16:00 11-06-2022,12.2033898305,208.813559322,355.2542372881,14.9152542373,Europe/Brussels,MP 05: Calvariekapel KU Leuven,6,11,16,2022
17:00 11-06-2022,11.7604355717,92.77676951,327.9854809437,37.8947368421,Europe/Brussels,MP 05: Calvariekapel KU Leuven,6,11,17,2022
18:00 11-06-2022,7.7225598856,97.8190918842,234.2509831963,9.0096531999,Europe/Brussels,MP 05: Calvariekapel KU Leuven,6,11,18,2022
19:00 11-06-2022,8.3876980429,107.3625349487,266.7287977633,21.8080149115,Europe/Brussels,MP 05: Calvariekapel KU Leuven,6,11,19,2022
20:00 11-06-2022,0.0,0.0,0.0,0.0,Europe/Brussels,MP 05: Calvariekapel KU Leuven,6,11,20,2022
21:00 11-06-2022,0.0,0.0,0.0,0.0,Europe/Brussels,MP 05: Calvariekapel KU Leuven,6,11,21,2022
22:00 11-06-2022,0.0,0.0,0.0,0.0,Europe/Brussels,MP 05: Calvariekapel KU Leuven,6,11,22,2022
23:00 11-06-2022,0.0,0.0,0.0,0.0,Europe/Brussels,MP 05: Calvariekapel KU Leuven,6,11,23,2022
00:00 12-06-2022,0.0,0.0,0.0,0.0,Europe/Brussels,MP 05: Calvariekapel KU Leuven,6,12,0,2022
01:00 12-06-2022,0.0,0.0,0.0,0.0,Europe/Brussels,MP 05: Calvariekapel KU Leuven,6,12,1,2022
02:00 12-06-2022,0.0,0.0,0.0,0.0,Europe/Brussels,MP 05: Calvariekapel KU Leuven,6,12,2,2022
03:00 12-06-2022,10.6194690265,14.1592920354,21.2389380531,0.0,Europe/Brussels,MP 05: Calvariekapel KU Leuven,6,12,3,2022
04:00 12-06-2022,8.7530392497,26.2591177492,36.2625911775,3.7513025356,Europe/Brussels,MP 05: Calvariekapel KU Leuven,6,12,4,2022
05:00 12-06-2022,6.230529595,26.1682242991,37.3831775701,0.0,Europe/Brussels,MP 05: Calvariekapel KU Leuven,6,12,5,2022
06:00 12-06-2022,8.7743732591,42.6183844011,107.7994428969,2.5069637883,Europe/Brussels,MP 05: Calvariekapel KU Leuven,6,12,6,2022
07:00 12-06-2022,15.5844155844,74.025974026,166.2337662338,7.7922077922,Europe/Brussels,MP 05: Calvariekapel KU Leuven,6,12,7,2022
08:00 12-06-2022,5.5662930035,102.9764205644,176.7298028605,16.6988790104,Europe/Brussels,MP 05: Calvariekapel KU Leuven,6,12,8,2022
09:00 12-06-2022,5.4237288136,145.0847457627,162.7118644068,10.8474576271,Europe/Brussels,MP 05: Calvariekapel KU Leuven,6,12,9,2022
10:00 12-06-2022,19.2239231043,153.7913848345,147.3834104664,3.8447846209,Europe/Brussels,MP 05: Calvariekapel KU Leuven,6,12,10,2022
11:00 12-06-2022,2.7777777778,162.5,175.0,1.3888888889,Europe/Brussels,MP 05: Calvariekapel KU Leuven,6,12,11,2022
12:00 12-06-2022,0.0,111.6397621071,162.1070518267,6.1172472387,Europe/Brussels,MP 05: Calvariekapel KU Leuven,6,12,12,2022
13:00 12-06-2022,15.952732644,138.2570162482,163.0723781388,1.7725258493,Europe/Brussels,MP 05: Calvariekapel KU Leuven,6,12,13,2022
14:00 12-06-2022,11.5523465704,116.9675090253,193.5018050542,5.7761732852,Europe/Brussels,MP 05: Calvariekapel KU Leuven,6,12,14,2022
15:00 12-06-2022,7.2492952074,108.7394281112,184.1320982682,11.5988723319,Europe/Brussels,MP 05: Calvariekapel KU Leuven,6,12,15,2022
16:00 12-06-2022,11.596277738,143.0207587688,351.753758053,18.0386542591,Europe/Brussels,MP 05: Calvariekapel KU Leuven,6,12,16,2022
17:00 12-06-2022,5.1100070972,111.1426543648,265.7203690561,33.215046132,Europe/Brussels,MP 05: Calvariekapel KU Leuven,6,12,17,2022
18:00 12-06-2022,7.8574026919,141.433248454,206.9116042197,17.0243724991,Europe/Brussels,MP 05: Calvariekapel KU Leuven,6,12,18,2022
19:00 12-06-2022,3.3457249071,157.249070632,184.0148698885,5.0185873606,Europe/Brussels,MP 05: Calvariekapel KU Leuven,6,12,19,2022
20:00 12-06-2022,0.0,0.0,0.0,0.0,Europe/Brussels,MP 05: Calvariekapel KU Leuven,6,12,20,2022
21:00 12-06-2022,0.0,0.0,0.0,0.0,Europe/Brussels,MP 05: Calvariekapel KU Leuven,6,12,21,2022
22:00 12-06-2022,0.0,0.0,0.0,0.0,Europe/Brussels,MP 05: Calvariekapel KU Leuven,6,12,22,2022
23:00 12-06-2022,0.0,0.0,0.0,0.0,Europe/Brussels,MP 05: Calvariekapel KU Leuven,6,12,23,2022
00:00 13-06-2022,0.0,0.0,0.0,0.0,Europe/Brussels,MP 05: Calvariekapel KU Leuven,6,13,0,2022
01:00 13-06-2022,0.0,0.0,0.0,0.0,Europe/Brussels,MP 05: Calvariekapel KU Leuven,6,13,1,2022
02:00 13-06-2022,0.0,0.0,0.0,0.0,Europe/Brussels,MP 05: Calvariekapel KU Leuven,6,13,2,2022
03:00 13-06-2022,4.5169385194,27.1016311167,18.0677540778,4.5169385194,Europe/Brussels,MP 05: Calvariekapel KU Leuven,6,13,3,2022
04:00 13-06-2022,22.5705329154,72.7272727273,38.8714733542,1.2539184953,Europe/Brussels,MP 05: Calvariekapel KU Leuven,6,13,4,2022
05:00 13-06-2022,41.7868448822,183.6088638762,255.7861413999,8.8638761871,Europe/Brussels,MP 05: Calvariekapel KU Leuven,6,13,5,2022
06:00 13-06-2022,49.9822000712,262.7269490922,492.1324314703,19.2239231043,Europe/Brussels,MP 05: Calvariekapel KU Leuven,6,13,6,2022
07:00 13-06-2022,16.7681834468,175.4209960588,285.0591185955,19.3479039771,Europe/Brussels,MP 05: Calvariekapel KU Leuven,6,13,7,2022
08:00 13-06-2022,36.9230769231,213.6263736264,254.5054945055,2.6373626374,Europe/Brussels,MP 05: Calvariekapel KU Leuven,6,13,8,2022
09:00 13-06-2022,28.7060529177,220.5146792316,284.4508880029,6.5241029358,Europe/Brussels,MP 05: Calvariekapel KU Leuven,6,13,9,2022
10:00 13-06-2022,15.9362549801,210.3585657371,329.8804780876,7.96812749,Europe/Brussels,MP 05: Calvariekapel KU Leuven,6,13,10,2022
11:00 13-06-2022,26.8085106383,209.3617021277,259.1489361702,8.9361702128,Europe/Brussels,MP 05: Calvariekapel KU Leuven,6,13,11,2022
12:00 13-06-2022,24.2038216561,185.9872611465,189.8089171975,5.0955414013,Europe/Brussels,MP 05: Calvariekapel KU Leuven,6,13,12,2022
13:00 13-06-2022,17.2938350681,227.7021617294,164.2914331465,5.7646116894,Europe/Brussels,MP 05: Calvariekapel KU Leuven,6,13,13,2022
14:00 13-06-2022,14.9222797927,160.414507772,290.9844559585,35.4404145078,Europe/Brussels,MP 05: Calvariekapel KU Leuven,6,13,14,2022
15:00 13-06-2022,16.0910199106,125.8025193011,215.0345388054,42.4217797643,Europe/Brussels,MP 05: Calvariekapel KU Leuven,6,13,15,2022
16:00 13-06-2022,17.1303074671,163.3967789165,379.5021961933,17.1303074671,Europe/Brussels,MP 05: Calvariekapel KU Leuven,6,13,16,2022
17:00 13-06-2022,12.0446096654,105.7249070632,374.7211895911,37.4721189591,Europe/Brussels,MP 05: Calvariekapel KU Leuven,6,13,17,2022
18:00 13-06-2022,9.1569767442,82.4127906977,218.4593023256,9.1569767442,Europe/Brussels,MP 05: Calvariekapel KU Leuven,6,13,18,2022
19:00 13-06-2022,12.9671319226,147.5011256191,332.2827555155,12.9671319226,Europe/Brussels,MP 05: Calvariekapel KU Leuven,6,13,19,2022
20:00 13-06-2022,0.0,0.0,0.0,0.0,Europe/Brussels,MP 05: Calvariekapel KU Leuven,6,13,20,2022
21:00 13-06-2022,0.0,0.0,0.0,0.0,Europe/Brussels,MP 05: Calvariekapel KU Leuven,6,13,21,2022
22:00 13-06-2022,0.0,0.0,0.0,0.0,Europe/Brussels,MP 05: Calvariekapel KU Leuven,6,13,22,2022
23:00 13-06-2022,0.0,0.0,0.0,0.0,Europe/Brussels,MP 05: Calvariekapel KU Leuven,6,13,23,2022
00:00 14-06-2022,0.0,0.0,0.0,0.0,Europe/Brussels,MP 05: Calvariekapel KU Leuven,6,14,0,2022
01:00 14-06-2022,0.0,0.0,0.0,0.0,Europe/Brussels,MP 05: Calvariekapel KU Leuven,6,14,1,2022
02:00 14-06-2022,0.0,0.0,0.0,0.0,Europe/Brussels,MP 05: Calvariekapel KU Leuven,6,14,2,2022
03:00 14-06-2022,10.4046242775,26.0115606936,20.8092485549,0.0,Europe/Brussels,MP 05: Calvariekapel KU Leuven,6,14,3,2022
04:00 14-06-2022,43.8871473354,81.5047021944,50.1567398119,1.2539184953,Europe/Brussels,MP 05: Calvariekapel KU Leuven,6,14,4,2022
05:00 14-06-2022,34.9757113116,161.1380985427,276.0582928522,3.7473976405,Europe/Brussels,MP 05: Calvariekapel KU Leuven,6,14,5,2022
06:00 14-06-2022,45.9854014599,264.0875912409,571.5328467153,9.197080292,Europe/Brussels,MP 05: Calvariekapel KU Leuven,6,14,6,2022
07:00 14-06-2022,44.5901639344,145.5737704918,394.7540983607,13.1147540984,Europe/Brussels,MP 05: Calvariekapel KU Leuven,6,14,7,2022
08:00 14-06-2022,40.3361344538,159.9039615846,316.9267707083,17.2869147659,Europe/Brussels,MP 05: Calvariekapel KU Leuven,6,14,8,2022
09:00 14-06-2022,13.7983901878,274.5879647374,389.1146032963,16.5580682254,Europe/Brussels,MP 05: Calvariekapel KU Leuven,6,14,9,2022
10:00 14-06-2022,3.816254417,179.3639575972,251.8727915194,10.1766784452,Europe/Brussels,MP 05: Calvariekapel KU Leuven,6,14,10,2022
11:00 14-06-2022,45.3463960812,234.2897130861,264.5206438069,3.7788663401,Europe/Brussels,MP 05: Calvariekapel KU Leuven,6,14,11,2022
12:00 14-06-2022,43.3534043539,173.4136174155,248.4483557202,0.0,Europe/Brussels,MP 05: Calvariekapel KU Leuven,6,14,12,2022
13:00 14-06-2022,46.8885672938,234.4428364689,312.5904486252,0.0,Europe/Brussels,MP 05: Calvariekapel KU Leuven,6,14,13,2022
07:00 15-06-2022,0.0,240.0,360.0,0.0,Europe/Brussels,MP 05: Calvariekapel KU Leuven,6,15,7,2022
09:00 11-07-2022,11.7168429618,168.4296175753,178.6818551668,8.7876322213,Europe/Brussels,MP 05: Calvariekapel KU Leuven,7,11,9,2022
10:00 11-07-2022,11.8637861589,133.1380446723,119.9560600513,2.6363969242,Europe/Brussels,MP 05: Calvariekapel KU Leuven,7,11,10,2022
11:00 11-07-2022,1.8489984592,151.6178736518,129.4298921418,3.6979969183,Europe/Brussels,MP 05: Calvariekapel KU Leuven,7,11,11,2022
12:00 11-07-2022,7.7386070507,148.581255374,171.7970765262,0.0,Europe/Brussels,MP 05: Calvariekapel KU Leuven,7,11,12,2022
13:00 11-07-2022,37.5411635565,181.7782656422,144.2371020856,3.951701427,Europe/Brussels,MP 05: Calvariekapel KU Leuven,7,11,13,2022
14:00 11-07-2022,56.25,84.375,168.75,0.0,Europe/Brussels,MP 05: Calvariekapel KU Leuven,7,11,14,2022
16:00 14-07-2022,11.8421052632,150.0,343.4210526316,19.7368421053,Europe/Brussels,MP 05: Calvariekapel KU Leuven,7,14,16,2022
17:00 14-07-2022,11.8616144975,118.6161449753,314.3327841845,17.7924217463,Europe/Brussels,MP 05: Calvariekapel KU Leuven,7,14,17,2022
06:00 15-07-2022,22.3206377325,146.6784765279,331.6209034544,9.5659875996,Europe/Brussels,MP 05: Calvariekapel KU Leuven,7,15,6,2022
07:00 15-07-2022,29.8068077277,139.0984360626,235.1425942962,11.5915363385,Europe/Brussels,MP 05: Calvariekapel KU Leuven,7,15,7,2022
08:00 15-07-2022,17.7817691962,160.0359227661,203.6820835204,6.4660978895,Europe/Brussels,MP 05: Calvariekapel KU Leuven,7,15,8,2022
09:00 15-07-2022,16.2324649299,178.5571142285,223.6472945892,18.0360721443,Europe/Brussels,MP 05: Calvariekapel KU Leuven,7,15,9,2022
10:00 15-07-2022,2.9654036244,160.1317957166,161.6144975288,7.413509061,Europe/Brussels,MP 05: Calvariekapel KU Leuven,7,15,10,2022
11:00 15-07-2022,11.6410670978,158.6095392078,181.8916734034,1.4551333872,Europe/Brussels,MP 05: Calvariekapel KU Leuven,7,15,11,2022
12:00 15-07-2022,9.6428571429,170.3571428571,229.8214285714,4.8214285714,Europe/Brussels,MP 05: Calvariekapel KU Leuven,7,15,12,2022
13:00 15-07-2022,18.4615384615,138.4615384615,189.2307692308,6.9230769231,Europe/Brussels,MP 05: Calvariekapel KU Leuven,7,15,13,2022
14:00 15-07-2022,6.9330765527,138.6615310544,251.3240250361,24.2657679345,Europe/Brussels,MP 05: Calvariekapel KU Leuven,7,15,14,2022
15:00 15-07-2022,0.0,138.1957773512,271.2092130518,15.547024952,Europe/Brussels,MP 05: Calvariekapel KU Leuven,7,15,15,2022
16:00 15-07-2022,0.0,0.0,240.0,0.0,Europe/Brussels,MP 05: Calvariekapel KU Leuven,7,15,16,2022
12:00 01-08-2022,20.5831903945,127.615780446,261.4065180103,8.2332761578,Europe/Brussels,MP 05: Calvariekapel KU Leuven,8,1,12,2022
13:00 01-08-2022,20.1680672269,124.3697478992,184.8739495798,16.8067226891,Europe/Brussels,MP 05: Calvariekapel KU Leuven,8,1,13,2022
14:00 01-08-2022,19.443290403,142.0855837142,210.8849189863,19.443290403,Europe/Brussels,MP 05: Calvariekapel KU Leuven,8,1,14,2022
15:00 01-08-2022,4.0449438202,90.3370786517,188.7640449438,8.0898876404,Europe/Brussels,MP 05: Calvariekapel KU Leuven,8,1,15,2022
16:00 01-08-2022,21.6790648247,146.6524973433,344.3145589798,10.2019128587,Europe/Brussels,MP 05: Calvariekapel KU Leuven,8,1,16,2022
17:00 01-08-2022,6.3069376314,108.47932726,259.8458304135,11.3524877365,Europe/Brussels,MP 05: Calvariekapel KU Leuven,8,1,17,2022
18:00 01-08-2022,9.1254752852,83.6501901141,258.5551330798,9.1254752852,Europe/Brussels,MP 05: Calvariekapel KU Leuven,8,1,18,2022
13:00 22-08-2022,30.4761904762,160.0,384.7619047619,34.2857142857,Europe/Brussels,MP 05: Calvariekapel KU Leuven,8,22,13,2022
14:00 22-08-2022,24.3937232525,138.6590584879,412.1255349501,25.6776034237,Europe/Brussels,MP 05: Calvariekapel KU Leuven,8,22,14,2022
15:00 22-08-2022,14.1918528252,151.3797634691,260.1839684626,18.9224704336,Europe/Brussels,MP 05: Calvariekapel KU Leuven,8,22,15,2022
09:00 29-08-2022,0.0,143.0683918669,351.0166358595,69.8706099815,Europe/Brussels,MP 05: Calvariekapel KU Leuven,8,29,9,2022
10:00 29-08-2022,16.4725457571,157.237936772,323.4608985025,17.9700499168,Europe/Brussels,MP 05: Calvariekapel KU Leuven,8,29,10,2022
11:00 29-08-2022,0.0,136.443148688,304.3731778426,48.2798833819,Europe/Brussels,MP 05: Calvariekapel KU Leuven,8,29,11,2022
12:00 29-08-2022,4.3902439024,162.4390243902,322.6829268293,0.0,Europe/Brussels,MP 05: Calvariekapel KU Leuven,8,29,12,2022
13:00 29-08-2022,19.6567862715,116.5366614665,259.7503900156,78.6271450858,Europe/Brussels,MP 05: Calvariekapel KU Leuven,8,29,13,2022
14:00 29-08-2022,4.0971168437,147.4962063733,308.6494688923,64.1881638847,Europe/Brussels,MP 05: Calvariekapel KU Leuven,8,29,14,2022
15:00 29-08-2022,11.6925297726,194.8754962108,370.2634428004,49.3684590401,Europe/Brussels,MP 05: Calvariekapel KU Leuven,8,29,15,2022
16:00 29-08-2022,10.2019128587,179.8087141339,380.0212539851,75.2391073326,Europe/Brussels,MP 05: Calvariekapel KU Leuven,8,29,16,2022
17:00 29-08-2022,3.7947997189,137.8777231202,322.5579761068,36.6830639494,Europe/Brussels,MP 05: Calvariekapel KU Leuven,8,29,17,2022
18:00 29-08-2022,2.8892455859,121.3483146067,291.8138041734,43.3386837881,Europe/Brussels,MP 05: Calvariekapel KU Leuven,8,29,18,2022
19:00 29-08-2022,0.0,0.0,0.0,0.0,Europe/Brussels,MP 05: Calvariekapel KU Leuven,8,29,19,2022
20:00 29-08-2022,0.0,0.0,0.0,0.0,Europe/Brussels,MP 05: Calvariekapel KU Leuven,8,29,20,2022
21:00 29-08-2022,0.0,0.0,0.0,0.0,Europe/Brussels,MP 05: Calvariekapel KU Leuven,8,29,21,2022
22:00 29-08-2022,0.0,0.0,0.0,0.0,Europe/Brussels,MP 05: Calvariekapel KU Leuven,8,29,22,2022
23:00 29-08-2022,0.0,0.0,0.0,0.0,Europe/Brussels,MP 05: Calvariekapel KU Leuven,8,29,23,2022
00:00 30-08-2022,0.0,0.0,0.0,0.0,Europe/Brussels,MP 05: Calvariekapel KU Leuven,8,30,0,2022
01:00 30-08-2022,0.0,0.0,0.0,0.0,Europe/Brussels,MP 05: Calvariekapel KU Leuven,8,30,1,2022
02:00 30-08-2022,0.0,0.0,0.0,0.0,Europe/Brussels,MP 05: Calvariekapel KU Leuven,8,30,2,2022
03:00 30-08-2022,0.0,0.0,0.0,0.0,Europe/Brussels,MP 05: Calvariekapel KU Leuven,8,30,3,2022
04:00 30-08-2022,0.0,0.0,0.0,0.0,Europe/Brussels,MP 05: Calvariekapel KU Leuven,8,30,4,2022
05:00 30-08-2022,13.7299771167,135.9267734554,174.3707093822,19.2219679634,Europe/Brussels,MP 05: Calvariekapel KU Leuven,8,30,5,2022
06:00 30-08-2022,17.6532399299,139.9649737303,274.8861646235,16.3922942207,Europe/Brussels,MP 05: Calvariekapel KU Leuven,8,30,6,2022
07:00 30-08-2022,8.8483146067,174.4382022472,241.4325842697,12.6404494382,Europe/Brussels,MP 05: Calvariekapel KU Leuven,8,30,7,2022
08:00 30-08-2022,6.4331665475,174.9821300929,293.3523945675,24.4460328806,Europe/Brussels,MP 05: Calvariekapel KU Leuven,8,30,8,2022
09:00 30-08-2022,2.5540971976,191.5572898191,310.3228095069,48.5278467542,Europe/Brussels,MP 05: Calvariekapel KU Leuven,8,30,9,2022
10:00 30-08-2022,1.3249907987,227.8984173721,329.9227088701,13.2499079868,Europe/Brussels,MP 05: Calvariekapel KU Leuven,8,30,10,2022
11:00 30-08-2022,4.2874156411,254.3866613736,300.1190948789,2.8582770941,Europe/Brussels,MP 05: Calvariekapel KU Leuven,8,30,11,2022
12:00 30-08-2022,7.9120879121,166.1538461538,221.5384615385,7.9120879121,Europe/Brussels,MP 05: Calvariekapel KU Leuven,8,30,12,2022
13:00 30-08-2022,13.5084427767,186.4165103189,256.660412758,60.7879924953,Europe/Brussels,MP 05: Calvariekapel KU Leuven,8,30,13,2022
14:00 30-08-2022,4.1682747974,140.3319181783,304.2840602084,68.0818216905,Europe/Brussels,MP 05: Calvariekapel KU Leuven,8,30,14,2022
15:00 30-08-2022,9.1436865022,190.7111756168,411.465892598,39.1872278665,Europe/Brussels,MP 05: Calvariekapel KU Leuven,8,30,15,2022
16:00 30-08-2022,11.4447191805,198.375132462,485.7647474391,49.5937831155,Europe/Brussels,MP 05: Calvariekapel KU Leuven,8,30,16,2022
17:00 30-08-2022,8.8983050847,147.4576271186,350.8474576271,53.3898305085,Europe/Brussels,MP 05: Calvariekapel KU Leuven,8,30,17,2022
18:00 30-08-2022,0.0,174.1935483871,342.5806451613,17.4193548387,Europe/Brussels,MP 05: Calvariekapel KU Leuven,8,30,18,2022
19:00 30-08-2022,0.0,0.0,0.0,0.0,Europe/Brussels,MP 05: Calvariekapel KU Leuven,8,30,19,2022
20:00 30-08-2022,0.0,0.0,0.0,0.0,Europe/Brussels,MP 05: Calvariekapel KU Leuven,8,30,20,2022
21:00 30-08-2022,0.0,0.0,0.0,0.0,Europe/Brussels,MP 05: Calvariekapel KU Leuven,8,30,21,2022
22:00 30-08-2022,0.0,0.0,0.0,0.0,Europe/Brussels,MP 05: Calvariekapel KU Leuven,8,30,22,2022
23:00 30-08-2022,0.0,0.0,0.0,0.0,Europe/Brussels,MP 05: Calvariekapel KU Leuven,8,30,23,2022
00:00 31-08-2022,0.0,0.0,0.0,0.0,Europe/Brussels,MP 05: Calvariekapel KU Leuven,8,31,0,2022
01:00 31-08-2022,0.0,0.0,0.0,0.0,Europe/Brussels,MP 05: Calvariekapel KU Leuven,8,31,1,2022
02:00 31-08-2022,0.0,0.0,0.0,0.0,Europe/Brussels,MP 05: Calvariekapel KU Leuven,8,31,2,2022
03:00 31-08-2022,0.0,0.0,0.0,0.0,Europe/Brussels,MP 05: Calvariekapel KU Leuven,8,31,3,2022
04:00 31-08-2022,0.0,0.0,0.0,0.0,Europe/Brussels,MP 05: Calvariekapel KU Leuven,8,31,4,2022
05:00 31-08-2022,19.5325542571,187.8130217028,175.7929883139,22.5375626043,Europe/Brussels,MP 05: Calvariekapel KU Leuven,8,31,5,2022
06:00 31-08-2022,19.2170818505,183.6298932384,239.1459074733,17.0818505338,Europe/Brussels,MP 05: Calvariekapel KU Leuven,8,31,6,2022
07:00 31-08-2022,28.3216783217,207.6923076923,251.7482517483,50.3496503497,Europe/Brussels,MP 05: Calvariekapel KU Leuven,8,31,7,2022
08:00 31-08-2022,7.7032810271,219.5435092725,308.1312410842,44.9358059914,Europe/Brussels,MP 05: Calvariekapel KU Leuven,8,31,8,2022
09:00 31-08-2022,6.4493013257,237.3342887854,321.1752060193,34.8262271587,Europe/Brussels,MP 05: Calvariekapel KU Leuven,8,31,9,2022
10:00 31-08-2022,1.4106583072,236.9905956113,366.7711598746,8.4639498433,Europe/Brussels,MP 05: Calvariekapel KU Leuven,8,31,10,2022
11:00 31-08-2022,8.5308056872,210.4265402844,227.4881516588,0.0,Europe/Brussels,MP 05: Calvariekapel KU Leuven,8,31,11,2022
12:00 31-08-2022,8.8343558282,229.6932515337,260.6134969325,4.4171779141,Europe/Brussels,MP 05: Calvariekapel KU Leuven,8,31,12,2022
13:00 31-08-2022,19.8237885463,272.2466960352,288.1057268722,68.7224669604,Europe/Brussels,MP 05: Calvariekapel KU Leuven,8,31,13,2022
14:00 31-08-2022,4.955264969,185.8224363386,304.7487955953,54.5079146593,Europe/Brussels,MP 05: Calvariekapel KU Leuven,8,31,14,2022
